-- phpMyAdmin SQL Dump
-- version 4.4.14
-- http://www.phpmyadmin.net
--
-- Host: 127.0.0.1
-- Generation Time: May 30, 2017 at 08:42 PM
-- Server version: 5.6.26
-- PHP Version: 5.6.12

SET SQL_MODE = "NO_AUTO_VALUE_ON_ZERO";
SET time_zone = "+00:00";

--
-- Database: `cdac_gist`
--

-- --------------------------------------------------------

--
-- Table structure for table `admin_groups`
--

CREATE TABLE IF NOT EXISTS `admin_groups` (
  `id` mediumint(8) unsigned NOT NULL,
  `name` varchar(20) NOT NULL,
  `description` varchar(100) NOT NULL
) ENGINE=InnoDB AUTO_INCREMENT=5 DEFAULT CHARSET=utf8;

--
-- Dumping data for table `admin_groups`
--

INSERT INTO `admin_groups` (`id`, `name`, `description`) VALUES
(1, 'webmaster', 'Super User Group'),
(2, 'admin', 'CDAC ADMIN GROUP'),
(3, 'manager', 'ARC ADMIN GROUP'),
(4, 'staff', 'ATC ADMIN GROUP');

-- --------------------------------------------------------

--
-- Table structure for table `admin_login_attempts`
--

CREATE TABLE IF NOT EXISTS `admin_login_attempts` (
  `id` int(11) unsigned NOT NULL,
  `ip_address` varchar(15) NOT NULL,
  `login` varchar(100) NOT NULL,
  `time` int(11) unsigned DEFAULT NULL
) ENGINE=InnoDB DEFAULT CHARSET=utf8;

-- --------------------------------------------------------

--
-- Table structure for table `admin_users`
--

CREATE TABLE IF NOT EXISTS `admin_users` (
  `id` int(11) unsigned NOT NULL,
  `ip_address` varchar(15) NOT NULL,
  `username` varchar(100) DEFAULT NULL,
  `password` varchar(255) NOT NULL,
  `salt` varchar(255) DEFAULT NULL,
  `email` varchar(100) DEFAULT NULL,
  `activation_code` varchar(40) DEFAULT NULL,
  `forgotten_password_code` varchar(40) DEFAULT NULL,
  `forgotten_password_time` int(11) unsigned DEFAULT NULL,
  `remember_code` varchar(40) DEFAULT NULL,
  `created_on` int(11) unsigned NOT NULL,
  `last_login` int(11) unsigned DEFAULT NULL,
  `active` tinyint(1) unsigned DEFAULT NULL,
  `first_name` varchar(50) DEFAULT NULL,
  `last_name` varchar(50) DEFAULT NULL
) ENGINE=InnoDB AUTO_INCREMENT=5 DEFAULT CHARSET=utf8;

--
-- Dumping data for table `admin_users`
--

INSERT INTO `admin_users` (`id`, `ip_address`, `username`, `password`, `salt`, `email`, `activation_code`, `forgotten_password_code`, `forgotten_password_time`, `remember_code`, `created_on`, `last_login`, `active`, `first_name`, `last_name`) VALUES
(1, '127.0.0.1', 'webmaster', '$2y$08$/X5gzWjesYi78GqeAv5tA.dVGBVP7C1e1PzqnYCVe5s1qhlDIPPES', NULL, NULL, NULL, NULL, NULL, NULL, 1451900190, 1496167001, 1, 'Webmaster', ''),
(2, '127.0.0.1', 'cdac', '$2y$08$FZYs5uXbhgUytuZtkwRgsOBYun4iW6KstBoedddckXGf1JC3epnSS', NULL, NULL, NULL, NULL, NULL, NULL, 1451900228, 1495896641, 1, 'CDAC', 'USER'),
(3, '127.0.0.1', 'arc', '$2y$08$34ox04Q1N5NMqhbSkcoTcuOwTV.2JIem5IqD4vJLU5Vlq4.u/V1T2', NULL, NULL, NULL, NULL, NULL, NULL, 1451900430, 1495899844, 1, 'ARC', 'USER'),
(4, '127.0.0.1', 'atc', '$2y$08$2A1izeZpfugR6SqNs9ftQ.r47nN0iGvUojPBOeonmNVUteoQQaNLW', NULL, NULL, NULL, NULL, NULL, NULL, 1451900439, 1495976022, 1, 'ATC', 'USER');

-- --------------------------------------------------------

--
-- Table structure for table `admin_users_groups`
--

CREATE TABLE IF NOT EXISTS `admin_users_groups` (
  `id` int(11) unsigned NOT NULL,
  `user_id` int(11) unsigned NOT NULL,
  `group_id` mediumint(8) unsigned NOT NULL
) ENGINE=InnoDB AUTO_INCREMENT=5 DEFAULT CHARSET=utf8;

--
-- Dumping data for table `admin_users_groups`
--

INSERT INTO `admin_users_groups` (`id`, `user_id`, `group_id`) VALUES
(1, 1, 1),
(2, 2, 2),
(3, 3, 3),
(4, 4, 4);

-- --------------------------------------------------------

--
-- Table structure for table `api_access`
--

CREATE TABLE IF NOT EXISTS `api_access` (
  `id` int(11) unsigned NOT NULL,
  `key` varchar(40) NOT NULL DEFAULT '',
  `controller` varchar(50) NOT NULL DEFAULT '',
  `date_created` datetime DEFAULT NULL,
  `date_modified` timestamp NOT NULL DEFAULT CURRENT_TIMESTAMP ON UPDATE CURRENT_TIMESTAMP
) ENGINE=InnoDB DEFAULT CHARSET=utf8;

-- --------------------------------------------------------

--
-- Table structure for table `api_keys`
--

CREATE TABLE IF NOT EXISTS `api_keys` (
  `id` int(11) NOT NULL,
  `user_id` int(11) NOT NULL,
  `key` varchar(40) NOT NULL,
  `level` int(2) NOT NULL,
  `ignore_limits` tinyint(1) NOT NULL DEFAULT '0',
  `is_private_key` tinyint(1) NOT NULL DEFAULT '0',
  `ip_addresses` text,
  `date_created` int(11) NOT NULL
) ENGINE=InnoDB AUTO_INCREMENT=2 DEFAULT CHARSET=utf8;

--
-- Dumping data for table `api_keys`
--

INSERT INTO `api_keys` (`id`, `user_id`, `key`, `level`, `ignore_limits`, `is_private_key`, `ip_addresses`, `date_created`) VALUES
(1, 0, 'anonymous', 1, 1, 0, NULL, 1463388382);

-- --------------------------------------------------------

--
-- Table structure for table `api_limits`
--

CREATE TABLE IF NOT EXISTS `api_limits` (
  `id` int(11) NOT NULL,
  `uri` varchar(255) NOT NULL,
  `count` int(10) NOT NULL,
  `hour_started` int(11) NOT NULL,
  `api_key` varchar(40) NOT NULL
) ENGINE=InnoDB DEFAULT CHARSET=utf8;

-- --------------------------------------------------------

--
-- Table structure for table `api_logs`
--

CREATE TABLE IF NOT EXISTS `api_logs` (
  `id` int(11) NOT NULL,
  `uri` varchar(255) NOT NULL,
  `method` varchar(6) NOT NULL,
  `params` text,
  `api_key` varchar(40) NOT NULL,
  `ip_address` varchar(45) NOT NULL,
  `time` int(11) NOT NULL,
  `rtime` float DEFAULT NULL,
  `authorized` varchar(1) NOT NULL,
  `response_code` smallint(3) DEFAULT '0'
) ENGINE=InnoDB DEFAULT CHARSET=utf8;

-- --------------------------------------------------------

--
-- Table structure for table `atc_faculty`
--

CREATE TABLE IF NOT EXISTS `atc_faculty` (
  `faculty_id` varchar(20) COLLATE utf8_unicode_ci NOT NULL DEFAULT '0',
  `first_name` varchar(50) COLLATE utf8_unicode_ci NOT NULL,
  `last_name` varchar(50) COLLATE utf8_unicode_ci NOT NULL,
  `center_code` varchar(100) COLLATE utf8_unicode_ci NOT NULL,
  `joining_dt` date NOT NULL,
  `gender` varchar(10) COLLATE utf8_unicode_ci NOT NULL,
  `contact_phone` varchar(20) COLLATE utf8_unicode_ci NOT NULL,
  `email_id` varchar(40) COLLATE utf8_unicode_ci NOT NULL,
  `date_of_birth` date NOT NULL,
  `faculty_status` varchar(20) COLLATE utf8_unicode_ci NOT NULL,
  `current_address_line1` varchar(40) COLLATE utf8_unicode_ci NOT NULL,
  `current_address_line2` varchar(40) COLLATE utf8_unicode_ci DEFAULT NULL,
  `current_address_city` varchar(40) COLLATE utf8_unicode_ci NOT NULL,
  `current_address_dist` varchar(40) COLLATE utf8_unicode_ci NOT NULL,
  `current_address_state` varchar(40) COLLATE utf8_unicode_ci NOT NULL,
  `current_address_pincode` varchar(40) COLLATE utf8_unicode_ci NOT NULL,
  `permanent_address_line1` varchar(40) COLLATE utf8_unicode_ci DEFAULT NULL,
  `permanent_address_line2` varchar(40) COLLATE utf8_unicode_ci NOT NULL,
  `permanent_address_city` varchar(40) COLLATE utf8_unicode_ci NOT NULL,
  `permanent_address_dist` varchar(40) COLLATE utf8_unicode_ci NOT NULL,
  `permanent_address_state` varchar(40) COLLATE utf8_unicode_ci NOT NULL,
  `permanent_address_pincode` varchar(40) COLLATE utf8_unicode_ci NOT NULL,
  `created_by` varchar(50) COLLATE utf8_unicode_ci NOT NULL,
  `created_dt` timestamp NOT NULL DEFAULT '2016-12-31 18:30:00',
  `modified_by` varchar(50) COLLATE utf8_unicode_ci DEFAULT NULL,
  `modified_dt` timestamp NOT NULL DEFAULT CURRENT_TIMESTAMP ON UPDATE CURRENT_TIMESTAMP
) ENGINE=InnoDB DEFAULT CHARSET=utf8 COLLATE=utf8_unicode_ci;

--
-- Triggers `atc_faculty`
--
DELIMITER $$
CREATE TRIGGER `faculty_sequence` BEFORE INSERT ON `atc_faculty`
 FOR EACH ROW BEGIN
  INSERT INTO sequence_register VALUES (NULL);
  SET NEW.faculty_id = CONCAT('TEACHER-', LPAD(LAST_INSERT_ID(), 8, 

'0'));
END
$$
DELIMITER ;

-- --------------------------------------------------------

--
-- Table structure for table `atc_student_enquiry`
--

CREATE TABLE IF NOT EXISTS `atc_student_enquiry` (
  `id` bigint(20) NOT NULL,
  `enquiry_id` varchar(20) COLLATE utf8_unicode_ci NOT NULL,
  `first_name` varchar(50) COLLATE utf8_unicode_ci NOT NULL,
  `last_name` varchar(50) COLLATE utf8_unicode_ci NOT NULL,
  `center_code` varchar(100) COLLATE utf8_unicode_ci NOT NULL,
  `student_id` varchar(50) COLLATE utf8_unicode_ci DEFAULT NULL,
  `intended_course` varchar(50) COLLATE utf8_unicode_ci NOT NULL,
  `enquiry_dt` date NOT NULL,
  `enquiry_status` varchar(50) COLLATE utf8_unicode_ci NOT NULL,
  `prospectus_number` varchar(50) COLLATE utf8_unicode_ci DEFAULT NULL,
  `prospectus_payment` varchar(50) COLLATE utf8_unicode_ci DEFAULT NULL,
  `created_by` varchar(50) COLLATE utf8_unicode_ci NOT NULL,
  `created_dt` timestamp NOT NULL DEFAULT CURRENT_TIMESTAMP ON UPDATE CURRENT_TIMESTAMP,
  `modified_by` varchar(50) COLLATE utf8_unicode_ci DEFAULT NULL,
  `modified_dt` timestamp NOT NULL DEFAULT CURRENT_TIMESTAMP ON UPDATE CURRENT_TIMESTAMP
) ENGINE=InnoDB AUTO_INCREMENT=9 DEFAULT CHARSET=utf8 COLLATE=utf8_unicode_ci;

--
-- Dumping data for table `atc_student_enquiry`
--

INSERT INTO `atc_student_enquiry` (`id`, `enquiry_id`, `first_name`, `last_name`, `center_code`, `student_id`, `intended_course`, `enquiry_dt`, `enquiry_status`, `prospectus_number`, `prospectus_payment`, `created_by`, `created_dt`, `modified_by`, `modified_dt`) VALUES
(1, 'ENQ-1', 'Shweta', 'Shanks', '001', NULL, 'Nursqey', '2017-05-01', '', '1', 'y', '', '2017-05-20 13:40:22', NULL, '2017-05-20 13:40:22'),
(3, 'ENQ-2', 'Amit', 'S', '002', NULL, 'CS01', '2017-05-05', 'E', NULL, NULL, '', '2017-05-20 13:41:19', NULL, '2017-05-20 13:41:19'),
(5, 'ENQ-3', 'Sunil', 'Verma', 'HIM-01', NULL, 'MS01', '0000-00-00', 'P', '112', '100', '', '2017-05-20 16:16:05', NULL, '2017-05-20 16:16:05'),
(7, 'ENQ-4', 'Test', 'Test', 'Him-03', NULL, 'PG-01', '2017-05-02', 'E', NULL, NULL, '', '2017-05-20 20:13:29', NULL, '2017-05-20 20:13:29'),
(8, 'ENQ-5', 'Amit', 'Kumar', 'Him-03', NULL, 'PG-01', '2017-05-01', 'P', '2211', '100', '', '2017-05-20 20:59:14', NULL, '2017-05-20 20:59:14');

-- --------------------------------------------------------

--
-- Table structure for table `atc_student_registration`
--

CREATE TABLE IF NOT EXISTS `atc_student_registration` (
  `student_id` varchar(20) COLLATE utf8_unicode_ci NOT NULL,
  `first_name` varchar(50) COLLATE utf8_unicode_ci NOT NULL,
  `last_name` varchar(50) COLLATE utf8_unicode_ci NOT NULL,
  `center_code` varchar(100) COLLATE utf8_unicode_ci NOT NULL,
  `admission_dt` date NOT NULL,
  `gender` varchar(10) COLLATE utf8_unicode_ci NOT NULL,
  `contact_phone` varchar(20) COLLATE utf8_unicode_ci NOT NULL,
  `email_id` varchar(40) COLLATE utf8_unicode_ci NOT NULL,
  `date_of_birth` date NOT NULL,
  `student_status` varchar(20) COLLATE utf8_unicode_ci NOT NULL,
  `current_address_line1` varchar(40) COLLATE utf8_unicode_ci NOT NULL,
  `current_address_line2` varchar(40) COLLATE utf8_unicode_ci DEFAULT NULL,
  `current_address_city` varchar(40) COLLATE utf8_unicode_ci NOT NULL,
  `current_address_dist` varchar(40) COLLATE utf8_unicode_ci NOT NULL,
  `current_address_state` varchar(40) COLLATE utf8_unicode_ci NOT NULL,
  `current_address_pincode` varchar(40) COLLATE utf8_unicode_ci NOT NULL,
  `permanent_address_line1` varchar(40) COLLATE utf8_unicode_ci DEFAULT NULL,
  `permanent_address_line2` varchar(40) COLLATE utf8_unicode_ci NOT NULL,
  `permanent_address_city` varchar(40) COLLATE utf8_unicode_ci NOT NULL,
  `permanent_address_dist` varchar(40) COLLATE utf8_unicode_ci NOT NULL,
  `permanent_address_state` varchar(40) COLLATE utf8_unicode_ci NOT NULL,
  `permanent_address_pincode` varchar(40) COLLATE utf8_unicode_ci NOT NULL,
  `created_by` varchar(50) COLLATE utf8_unicode_ci NOT NULL,
  `created_dt` date NOT NULL,
  `modified_by` varchar(50) COLLATE utf8_unicode_ci DEFAULT NULL,
  `modified_dt` date DEFAULT NULL
) ENGINE=InnoDB DEFAULT CHARSET=utf8 COLLATE=utf8_unicode_ci;

-- --------------------------------------------------------

--
-- Table structure for table `blog_categories`
--

CREATE TABLE IF NOT EXISTS `blog_categories` (
  `id` int(11) NOT NULL,
  `pos` int(11) NOT NULL DEFAULT '0',
  `title` varchar(100) COLLATE utf8_unicode_ci NOT NULL
) ENGINE=InnoDB AUTO_INCREMENT=4 DEFAULT CHARSET=utf8 COLLATE=utf8_unicode_ci;

--
-- Dumping data for table `blog_categories`
--

INSERT INTO `blog_categories` (`id`, `pos`, `title`) VALUES
(1, 1, 'Category 1'),
(2, 2, 'Category 2'),
(3, 3, 'Category 3');

-- --------------------------------------------------------

--
-- Table structure for table `blog_posts`
--

CREATE TABLE IF NOT EXISTS `blog_posts` (
  `id` int(11) NOT NULL,
  `category_id` int(11) NOT NULL DEFAULT '1',
  `author_id` int(11) NOT NULL,
  `title` varchar(300) COLLATE utf8_unicode_ci NOT NULL,
  `image_url` varchar(300) COLLATE utf8_unicode_ci NOT NULL,
  `content_brief` text COLLATE utf8_unicode_ci NOT NULL,
  `content` text COLLATE utf8_unicode_ci NOT NULL,
  `publish_time` timestamp NOT NULL DEFAULT CURRENT_TIMESTAMP,
  `status` enum('draft','active','hidden') COLLATE utf8_unicode_ci NOT NULL DEFAULT 'draft'
) ENGINE=InnoDB AUTO_INCREMENT=4 DEFAULT CHARSET=utf8 COLLATE=utf8_unicode_ci;

--
-- Dumping data for table `blog_posts`
--

INSERT INTO `blog_posts` (`id`, `category_id`, `author_id`, `title`, `image_url`, `content_brief`, `content`, `publish_time`, `status`) VALUES
(1, 1, 2, 'Blog Post 1', '', '<p>Blog Post 1 Content Brief</p>\r\n', '<p>Blog Post 1 Content&nbsp;<img alt="" src="http://localhost/assets/grocery_crud/texteditor/ckeditor4/plugins/smiley/images/regular_smile.png" style="height:23px; width:23px" title="" /></p>\r\n\r\n<p>Testing this view.</p>\r\n\r\n<table border="1" cellpadding="1" cellspacing="1" style="width:500px">\r\n	<tbody>\r\n		<tr>\r\n			<td>Title1</td>\r\n			<td>Title 2</td>\r\n		</tr>\r\n		<tr>\r\n			<td>Data</td>\r\n			<td>Data</td>\r\n		</tr>\r\n		<tr>\r\n			<td>data</td>\r\n			<td>daat</td>\r\n		</tr>\r\n	</tbody>\r\n</table>\r\n\r\n<p>&nbsp;</p>\r\n\r\n<p><iframe align="middle" frameborder="1" longdesc="The Search is here" scrolling="yes" src="http://google.com"></iframe></p>\r\n\r\n<p>&nbsp;</p>\r\n', '2015-09-25 18:30:00', 'active'),
(2, 2, 1, 'Testing Image upload', 'c910c-lang-large.jpeg', '<p>Language is Fun</p>\r\n\r\n<p>&nbsp;</p>\r\n', '<p>Its learning always...&nbsp;</p>\r\n\r\n<p>With so many languages around...</p>\r\n\r\n<p>&nbsp;</p>\r\n\r\n<p><img alt="" src="http://localhost/assets/uploads/blog_posts/c910c-lang-large.jpeg" style="height:615px; width:960px" /></p>\r\n', '0000-00-00 00:00:00', 'active'),
(3, 2, 1, 'This is third blog', '', '<p>Third Blog Brief</p>\r\n', '<p>Third Blog</p>\r\n\r\n<p>Third Blog</p>\r\n\r\n<p>Third Blog</p>\r\n\r\n<p>Third Blog</p>\r\n\r\n<p>Third BlogThird Blog</p>\r\n\r\n<p>Third BlogThird BlogThird BlogThird Blog</p>\r\n\r\n<p>&nbsp;</p>\r\n\r\n<p>Third BlogThird BlogThird Blog</p>\r\n\r\n<p>&nbsp;</p>\r\n\r\n<p>Third Blog</p>\r\n', '0000-00-00 00:00:00', 'active');

-- --------------------------------------------------------

--
-- Table structure for table `blog_posts_tags`
--

CREATE TABLE IF NOT EXISTS `blog_posts_tags` (
  `id` int(11) NOT NULL,
  `post_id` int(11) NOT NULL,
  `tag_id` int(11) NOT NULL
) ENGINE=InnoDB AUTO_INCREMENT=7 DEFAULT CHARSET=utf8 COLLATE=utf8_unicode_ci;

--
-- Dumping data for table `blog_posts_tags`
--

INSERT INTO `blog_posts_tags` (`id`, `post_id`, `tag_id`) VALUES
(1, 1, 2),
(2, 1, 1),
(3, 1, 3),
(4, 2, 4),
(5, 3, 4),
(6, 3, 2);

-- --------------------------------------------------------

--
-- Table structure for table `blog_tags`
--

CREATE TABLE IF NOT EXISTS `blog_tags` (
  `id` int(11) NOT NULL,
  `title` varchar(100) COLLATE utf8_unicode_ci NOT NULL
) ENGINE=InnoDB AUTO_INCREMENT=5 DEFAULT CHARSET=utf8 COLLATE=utf8_unicode_ci;

--
-- Dumping data for table `blog_tags`
--

INSERT INTO `blog_tags` (`id`, `title`) VALUES
(1, 'Tag 1'),
(2, 'Tag 2'),
(3, 'Tag 3'),
(4, 'Language');

-- --------------------------------------------------------

--
-- Table structure for table `cdac_arcs`
--

CREATE TABLE IF NOT EXISTS `cdac_arcs` (
  `arc_code` varchar(20) COLLATE utf8_unicode_ci NOT NULL,
  `arc_name` varchar(100) COLLATE utf8_unicode_ci NOT NULL,
  `arc_address_line1` varchar(100) COLLATE utf8_unicode_ci NOT NULL,
  `arc_address_line2` varchar(100) COLLATE utf8_unicode_ci DEFAULT NULL,
  `arc_address_city` bigint(20) DEFAULT NULL,
  `arc_address_postcode` varchar(12) COLLATE utf8_unicode_ci NOT NULL,
  `arc_contact_number` varchar(12) COLLATE utf8_unicode_ci NOT NULL,
  `arc_contact_email` varchar(50) COLLATE utf8_unicode_ci NOT NULL,
  `status` varchar(2) COLLATE utf8_unicode_ci NOT NULL DEFAULT 'A',
  `created_by` varchar(50) COLLATE utf8_unicode_ci DEFAULT NULL,
  `created_dt` timestamp NULL DEFAULT '2016-12-31 07:30:00',
  `modified_by` varchar(50) COLLATE utf8_unicode_ci DEFAULT NULL,
  `modified_dt` timestamp NULL DEFAULT CURRENT_TIMESTAMP ON UPDATE CURRENT_TIMESTAMP
) ENGINE=InnoDB DEFAULT CHARSET=utf8 COLLATE=utf8_unicode_ci;

--
-- Dumping data for table `cdac_arcs`
--

INSERT INTO `cdac_arcs` (`arc_code`, `arc_name`, `arc_address_line1`, `arc_address_line2`, `arc_address_city`, `arc_address_postcode`, `arc_contact_number`, `arc_contact_email`, `status`, `created_by`, `created_dt`, `modified_by`, `modified_dt`) VALUES
('ARC-1', 'North ARC', 'Line1 Add', 'Line2 Add', 395, '171001', '11111111', 'arc-north@gmail.com', 'A', NULL, '2016-12-31 07:30:00', NULL, '2017-05-30 05:03:23');

-- --------------------------------------------------------

--
-- Table structure for table `cdac_books`
--

CREATE TABLE IF NOT EXISTS `cdac_books` (
  `book_code` varchar(10) COLLATE utf8_unicode_ci NOT NULL DEFAULT '',
  `book_name` varchar(50) COLLATE utf8_unicode_ci NOT NULL,
  `book_description` varchar(255) COLLATE utf8_unicode_ci DEFAULT NULL,
  `book_status` varchar(10) COLLATE utf8_unicode_ci NOT NULL,
  `created_by` varchar(50) COLLATE utf8_unicode_ci NOT NULL,
  `created_dt` date NOT NULL,
  `modified_by` varchar(50) COLLATE utf8_unicode_ci NOT NULL,
  `modified_dt` date NOT NULL
) ENGINE=InnoDB DEFAULT CHARSET=utf8 COLLATE=utf8_unicode_ci;

--
-- Dumping data for table `cdac_books`
--

INSERT INTO `cdac_books` (`book_code`, `book_name`, `book_description`, `book_status`, `created_by`, `created_dt`, `modified_by`, `modified_dt`) VALUES
('CB-1', 'Com Basic', 'Com Basic', 'A', '', '0000-00-00', '', '0000-00-00'),
('CB-10', 'Intro to E', 'Intro to E', 'A', '', '0000-00-00', '', '0000-00-00'),
('CB-11', 'ECOM', 'ECOM', 'A', '', '0000-00-00', '', '0000-00-00'),
('CB-12', 'VB. NET', 'VB. NET', 'A', '', '0000-00-00', '', '0000-00-00'),
('CB-13', 'C', 'C', 'A', '', '0000-00-00', '', '0000-00-00'),
('CB-14', 'C++', 'C++', 'A', '', '0000-00-00', '', '0000-00-00'),
('CB-15', 'BASIC JAVA', 'BASIC JAVA', 'A', '', '0000-00-00', '', '0000-00-00'),
('CB-16', 'ADV. JAVA', 'ADV. JAVA', 'A', '', '0000-00-00', '', '0000-00-00'),
('CB-17', 'ACCESS', 'ACCESS', 'A', '', '0000-00-00', '', '0000-00-00'),
('CB-18', 'DATA STRU. THRU C', 'DATA STRU. THRU C', 'A', '', '0000-00-00', '', '0000-00-00'),
('CB-19', 'LINUX', 'LINUX', 'A', '', '0000-00-00', '', '0000-00-00'),
('CB-2', 'COMP ORG', 'COMP ORG', 'A', '', '0000-00-00', '', '0000-00-00'),
('CB-20', 'UNIX', 'UNIX', 'A', '', '0000-00-00', '', '0000-00-00'),
('CB-21', 'ML', 'ML', 'A', '', '0000-00-00', '', '0000-00-00'),
('CB-22', 'S/W ENGG', 'S/W ENGG', 'A', '', '0000-00-00', '', '0000-00-00'),
('CB-23', 'SSAD', 'SSAD', 'A', '', '0000-00-00', '', '0000-00-00'),
('CB-24', 'NETWRKG CNPTS', 'NETWRKG CNPTS', 'A', '', '0000-00-00', '', '0000-00-00'),
('CB-25', 'Designing & Animation', 'Designing & Animation', 'A', '', '0000-00-00', '', '0000-00-00'),
('CB-26', 'Advanced Excel 2007', 'Advanced Excel 2007', 'A', '', '0000-00-00', '', '0000-00-00'),
('CB-27', 'XML', 'XML', 'A', '', '0000-00-00', '', '0000-00-00'),
('CB-28', 'SQL', 'SQL', 'A', '', '0000-00-00', '', '0000-00-00'),
('CB-29', '2D Animation (Intro to Flash)', '2D Animation (Intro to Flash)', 'A', '', '0000-00-00', '', '0000-00-00'),
('CB-3', 'MSO 2013', 'MSO 2013', 'A', '', '0000-00-00', '', '0000-00-00'),
('CB-30', '2D Animation (Swish Max,GIF)', '2D Animation (Swish Max,GIF)', 'A', '', '0000-00-00', '', '0000-00-00'),
('CB-31', 'Basics of Audio Editing', 'Basics of Audio Editing', 'A', '', '0000-00-00', '', '0000-00-00'),
('CB-32', 'Basics of Video Streaming and Editing', 'Basics of Video Streaming and Editing', 'A', '', '0000-00-00', '', '0000-00-00'),
('CB-33', 'Concepts of Graphics', 'Concepts of Graphics', 'A', '', '0000-00-00', '', '0000-00-00'),
('CB-34', 'Image Editing (Abode Indesign)', 'Image Editing (Abode Indesign)', 'A', '', '0000-00-00', '', '0000-00-00'),
('CB-35', 'Image Editing (Intro to Abode Photo)', 'Image Editing (Intro to Abode Photo)', 'A', '', '0000-00-00', '', '0000-00-00'),
('CB-36', 'Image Editing (Corel Draw)', 'Image Editing (Corel Draw)', 'A', '', '0000-00-00', '', '0000-00-00'),
('CB-37', '2D Animation (Toon Boon)', '2D Animation (Toon Boon)', 'A', '', '0000-00-00', '', '0000-00-00'),
('CB-38', '3D Animation (3D Max)', '3D Animation (3D Max)', 'A', '', '0000-00-00', '', '0000-00-00'),
('CB-39', '3D Animation (Poser Picture)', '3D Animation (Poser Picture)', 'A', '', '0000-00-00', '', '0000-00-00'),
('CB-4', 'BOO', 'BOO', 'A', '', '0000-00-00', '', '0000-00-00'),
('CB-40', 'Advanced Audio Editing', 'Advanced Audio Editing', 'A', '', '0000-00-00', '', '0000-00-00'),
('CB-41', 'Advanced Image Editing', 'Advanced Image Editing', 'A', '', '0000-00-00', '', '0000-00-00'),
('CB-42', 'Video Streaming & Editing', 'Video Streaming & Editing', 'A', '', '0000-00-00', '', '0000-00-00'),
('CB-43', 'Tally ERP 9', 'Tally ERP 9', 'A', '', '0000-00-00', '', '0000-00-00'),
('CB-5', 'PM', 'PM', 'A', '', '0000-00-00', '', '0000-00-00'),
('CB-6', 'Tally 9', 'Tally 9', 'A', '', '0000-00-00', '', '0000-00-00'),
('CB-7', 'ASP.net', 'ASP.net', 'A', '', '0000-00-00', '', '0000-00-00'),
('CB-8', 'OR  9i', 'OR  9i', 'A', '', '0000-00-00', '', '0000-00-00'),
('CB-9', 'Info Tech', 'Info Tech', 'A', '', '0000-00-00', '', '0000-00-00');

-- --------------------------------------------------------

--
-- Table structure for table `cdac_category`
--

CREATE TABLE IF NOT EXISTS `cdac_category` (
  `category_code` varchar(10) COLLATE utf8_unicode_ci NOT NULL,
  `category_title` varchar(50) COLLATE utf8_unicode_ci DEFAULT NULL,
  `category_description` varchar(500) COLLATE utf8_unicode_ci NOT NULL,
  `category_type` varchar(3) COLLATE utf8_unicode_ci DEFAULT NULL COMMENT 'Category Type for Category if they need to be grouped.',
  `created_by` varchar(50) COLLATE utf8_unicode_ci NOT NULL,
  `created_dt` timestamp NOT NULL DEFAULT '2016-12-31 07:30:00',
  `modified_by` varchar(50) COLLATE utf8_unicode_ci DEFAULT NULL,
  `modified_dt` timestamp NOT NULL DEFAULT CURRENT_TIMESTAMP ON UPDATE CURRENT_TIMESTAMP
) ENGINE=InnoDB DEFAULT CHARSET=utf8 COLLATE=utf8_unicode_ci;

-- --------------------------------------------------------

--
-- Table structure for table `cdac_centers`
--

CREATE TABLE IF NOT EXISTS `cdac_centers` (
  `center_code` varchar(20) COLLATE utf8_unicode_ci NOT NULL,
  `center_name` varchar(50) COLLATE utf8_unicode_ci NOT NULL,
  `center_address_line1` varchar(50) COLLATE utf8_unicode_ci NOT NULL,
  `center_address_line2` varchar(50) COLLATE utf8_unicode_ci DEFAULT NULL,
  `center_address_city` varchar(50) COLLATE utf8_unicode_ci DEFAULT NULL,
  `center_address_postcode` varchar(50) COLLATE utf8_unicode_ci NOT NULL,
  `center_arc_code` varchar(20) COLLATE utf8_unicode_ci DEFAULT NULL,
  `center_contact_number` varchar(40) COLLATE utf8_unicode_ci NOT NULL,
  `center_contact_email` varchar(50) COLLATE utf8_unicode_ci NOT NULL,
  `center_type` varchar(40) COLLATE utf8_unicode_ci NOT NULL,
  `center_category` varchar(20) COLLATE utf8_unicode_ci NOT NULL,
  `status` varchar(2) COLLATE utf8_unicode_ci NOT NULL DEFAULT 'A',
  `created_by` varchar(50) COLLATE utf8_unicode_ci DEFAULT NULL,
  `created_dt` timestamp NULL DEFAULT '2016-12-31 18:30:00',
  `modified_by` varchar(50) COLLATE utf8_unicode_ci DEFAULT NULL,
  `modified_dt` timestamp NULL DEFAULT CURRENT_TIMESTAMP ON UPDATE CURRENT_TIMESTAMP
) ENGINE=InnoDB DEFAULT CHARSET=utf8 COLLATE=utf8_unicode_ci;

--
-- Dumping data for table `cdac_centers`
--

INSERT INTO `cdac_centers` (`center_code`, `center_name`, `center_address_line1`, `center_address_line2`, `center_address_city`, `center_address_postcode`, `center_arc_code`, `center_contact_number`, `center_contact_email`, `center_type`, `center_category`, `status`, `created_by`, `created_dt`, `modified_by`, `modified_dt`) VALUES
('Him-01', 'HPIE', 'SBI Building', 'Lakkar Bazzar', '395', '#10', 'ARC-1', '1122334455', 'test@gmail.com', 'B', 'B', 'A', NULL, '2017-05-29 19:11:42', NULL, '2017-05-30 09:54:55'),
('Him-02', 'HIMIT', '#10', 'Street 1', '395', '171001', 'ARC-1', '22222222', 'test@gmail.com', 'C', 'C', 'A', NULL, '2016-12-31 18:30:00', NULL, '2017-05-30 07:27:53');

-- --------------------------------------------------------

--
-- Table structure for table `cdac_cities`
--

CREATE TABLE IF NOT EXISTS `cdac_cities` (
  `city_id` bigint(20) NOT NULL,
  `city_name` varchar(255) COLLATE utf8_unicode_ci DEFAULT NULL,
  `latitude` varchar(20) COLLATE utf8_unicode_ci NOT NULL,
  `longitude` varchar(20) COLLATE utf8_unicode_ci NOT NULL,
  `state_code` varchar(10) COLLATE utf8_unicode_ci NOT NULL,
  `status` varchar(2) COLLATE utf8_unicode_ci NOT NULL DEFAULT 'A',
  `created_by` varchar(50) COLLATE utf8_unicode_ci NOT NULL,
  `created_dt` timestamp NOT NULL DEFAULT '2016-12-31 18:30:00',
  `modified_by` varchar(50) COLLATE utf8_unicode_ci DEFAULT NULL,
  `modified_dt` timestamp NOT NULL DEFAULT CURRENT_TIMESTAMP ON UPDATE CURRENT_TIMESTAMP
) ENGINE=InnoDB AUTO_INCREMENT=1001 DEFAULT CHARSET=utf8 COLLATE=utf8_unicode_ci;

--
-- Dumping data for table `cdac_cities`
--

INSERT INTO `cdac_cities` (`city_id`, `city_name`, `latitude`, `longitude`, `state_code`, `status`, `created_by`, `created_dt`, `modified_by`, `modified_dt`) VALUES
(1, 'Port Blair', '11.67 N', '92.76 E', 'AN', 'A', '', '2016-12-31 18:30:00', NULL, '2017-05-30 06:14:20'),
(2, 'Adilabad', '19.68 N', '78.53 E', 'AP', 'A', '', '2016-12-31 18:30:00', NULL, '2017-05-30 06:14:20'),
(3, 'Adoni', '15.63 N', '77.28 E', 'AP', 'A', '', '2016-12-31 18:30:00', NULL, '2017-05-30 06:14:20'),
(4, 'Alwal', '17.50 N', '78.54 E', 'AP', 'A', '', '2016-12-31 18:30:00', NULL, '2017-05-30 06:14:20'),
(5, 'Anakapalle', '17.69 N', '83.00 E', 'AP', 'A', '', '2016-12-31 18:30:00', NULL, '2017-05-30 06:14:20'),
(6, 'Anantapur', '14.70 N', '77.59 E', 'AP', 'A', '', '2016-12-31 18:30:00', NULL, '2017-05-30 06:14:20'),
(7, 'Bapatla', '15.91 N', '80.47 E', 'AP', 'A', '', '2016-12-31 18:30:00', NULL, '2017-05-30 06:14:20'),
(8, 'Belampalli', '19.06 N', '79.49 E', 'AP', 'A', '', '2016-12-31 18:30:00', NULL, '2017-05-30 06:14:20'),
(9, 'Bhimavaram', '16.55 N', '81.53 E', 'AP', 'A', '', '2016-12-31 18:30:00', NULL, '2017-05-30 06:14:20'),
(10, 'Bhongir', '17.52 N', '78.88 E', 'AP', 'A', '', '2016-12-31 18:30:00', NULL, '2017-05-30 06:14:20'),
(11, 'Bobbili', '18.57 N', '83.37 E', 'AP', 'A', '', '2016-12-31 18:30:00', NULL, '2017-05-30 06:14:20'),
(12, 'Bodhan', '18.66 N', '77.88 E', 'AP', 'A', '', '2016-12-31 18:30:00', NULL, '2017-05-30 06:14:20'),
(13, 'Chilakalurupet', '16.10 N', '80.16 E', 'AP', 'A', '', '2016-12-31 18:30:00', NULL, '2017-05-30 06:14:20'),
(14, 'Chinna Chawk', '14.47 N', '78.83 E', 'AP', 'A', '', '2016-12-31 18:30:00', NULL, '2017-05-30 06:14:20'),
(15, 'Chirala', '15.84 N', '80.35 E', 'AP', 'A', '', '2016-12-31 18:30:00', NULL, '2017-05-30 06:14:20'),
(16, 'Chittur', '13.22 N', '79.10 E', 'AP', 'A', '', '2016-12-31 18:30:00', NULL, '2017-05-30 06:14:20'),
(17, 'Cuddapah', '14.48 N', '78.81 E', 'AP', 'A', '', '2016-12-31 18:30:00', NULL, '2017-05-30 06:14:20'),
(18, 'Dharmavaram', '14.42 N', '77.71 E', 'AP', 'A', '', '2016-12-31 18:30:00', NULL, '2017-05-30 06:14:20'),
(19, 'Dhone', '15.42 N', '77.88 E', 'AP', 'A', '', '2016-12-31 18:30:00', NULL, '2017-05-30 06:14:20'),
(20, 'Eluru', '16.72 N', '81.11 E', 'AP', 'A', '', '2016-12-31 18:30:00', NULL, '2017-05-30 06:14:20'),
(21, 'Gaddiannaram', '17.36 N', '78.52 E', 'AP', 'A', '', '2016-12-31 18:30:00', NULL, '2017-05-30 06:14:20'),
(22, 'Gadwal', '16.23 N', '77.80 E', 'AP', 'A', '', '2016-12-31 18:30:00', NULL, '2017-05-30 06:14:20'),
(23, 'Gajuwaka', '17.70 N', '83.21 E', 'AP', 'A', '', '2016-12-31 18:30:00', NULL, '2017-05-30 06:14:20'),
(24, 'Gudivada', '16.44 N', '81.00 E', 'AP', 'A', '', '2016-12-31 18:30:00', NULL, '2017-05-30 06:14:20'),
(25, 'Gudur', '14.15 N', '79.84 E', 'AP', 'A', '', '2016-12-31 18:30:00', NULL, '2017-05-30 06:14:20'),
(26, 'Guntakal', '15.18 N', '77.37 E', 'AP', 'A', '', '2016-12-31 18:30:00', NULL, '2017-05-30 06:14:20'),
(27, 'Guntur', '16.31 N', '80.44 E', 'AP', 'A', '', '2016-12-31 18:30:00', NULL, '2017-05-30 06:14:20'),
(28, 'Hindupur', '13.83 N', '77.48 E', 'AP', 'A', '', '2016-12-31 18:30:00', NULL, '2017-05-30 06:14:20'),
(29, 'Hyderabad', '17.40 N', '78.48 E', 'AP', 'A', '', '2016-12-31 18:30:00', NULL, '2017-05-30 06:14:20'),
(30, 'Jagtial', '18.80 N', '78.91 E', 'AP', 'A', '', '2016-12-31 18:30:00', NULL, '2017-05-30 06:14:20'),
(31, 'Kadiri', '14.12 N', '78.16 E', 'AP', 'A', '', '2016-12-31 18:30:00', NULL, '2017-05-30 06:14:20'),
(32, 'Kagaznagar', '19.34 N', '79.48 E', 'AP', 'A', '', '2016-12-31 18:30:00', NULL, '2017-05-30 06:14:20'),
(33, 'Kakinada', '16.96 N', '82.24 E', 'AP', 'A', '', '2016-12-31 18:30:00', NULL, '2017-05-30 06:14:20'),
(34, 'Kallur', '15.69 N', '77.77 E', 'AP', 'A', '', '2016-12-31 18:30:00', NULL, '2017-05-30 06:14:20'),
(35, 'Kamareddi', '18.32 N', '78.35 E', 'AP', 'A', '', '2016-12-31 18:30:00', NULL, '2017-05-30 06:14:20'),
(36, 'Kapra', '17.37 N', '78.48 E', 'AP', 'A', '', '2016-12-31 18:30:00', NULL, '2017-05-30 06:14:20'),
(37, 'Karimnagar', '18.45 N', '79.13 E', 'AP', 'A', '', '2016-12-31 18:30:00', NULL, '2017-05-30 06:14:20'),
(38, 'Karnul', '15.83 N', '78.03 E', 'AP', 'A', '', '2016-12-31 18:30:00', NULL, '2017-05-30 06:14:20'),
(39, 'Kavali', '14.92 N', '79.99 E', 'AP', 'A', '', '2016-12-31 18:30:00', NULL, '2017-05-30 06:14:20'),
(40, 'Khammam', '17.25 N', '80.15 E', 'AP', 'A', '', '2016-12-31 18:30:00', NULL, '2017-05-30 06:14:20'),
(41, 'Kodar', '16.98 N', '79.97 E', 'AP', 'A', '', '2016-12-31 18:30:00', NULL, '2017-05-30 06:14:20'),
(42, 'Kondukur', '15.22 N', '79.91 E', 'AP', 'A', '', '2016-12-31 18:30:00', NULL, '2017-05-30 06:14:20'),
(43, 'Koratla', '18.82 N', '78.72 E', 'AP', 'A', '', '2016-12-31 18:30:00', NULL, '2017-05-30 06:14:20'),
(44, 'Kottagudem', '17.56 N', '80.64 E', 'AP', 'A', '', '2016-12-31 18:30:00', NULL, '2017-05-30 06:14:20'),
(45, 'Kukatpalle', '17.49 N', '78.41 E', 'AP', 'A', '', '2016-12-31 18:30:00', NULL, '2017-05-30 06:14:20'),
(46, 'Lalbahadur Nagar', '17.43 N', '78.50 E', 'AP', 'A', '', '2016-12-31 18:30:00', NULL, '2017-05-30 06:14:20'),
(47, 'Machilipatnam', '16.19 N', '81.14 E', 'AP', 'A', '', '2016-12-31 18:30:00', NULL, '2017-05-30 06:14:20'),
(48, 'Mahbubnagar', '16.74 N', '77.98 E', 'AP', 'A', '', '2016-12-31 18:30:00', NULL, '2017-05-30 06:14:20'),
(49, 'Malkajgiri', '17.55 N', '78.59 E', 'AP', 'A', '', '2016-12-31 18:30:00', NULL, '2017-05-30 06:14:20'),
(50, 'Mancheral', '18.88 N', '79.45 E', 'AP', 'A', '', '2016-12-31 18:30:00', NULL, '2017-05-30 06:14:20'),
(51, 'Mandamarri', '18.97 N', '79.47 E', 'AP', 'A', '', '2016-12-31 18:30:00', NULL, '2017-05-30 06:14:20'),
(52, 'Mangalagiri', '16.44 N', '80.56 E', 'AP', 'A', '', '2016-12-31 18:30:00', NULL, '2017-05-30 06:14:20'),
(53, 'Markapur', '15.73 N', '79.28 E', 'AP', 'A', '', '2016-12-31 18:30:00', NULL, '2017-05-30 06:14:20'),
(54, 'Miryalaguda', '16.87 N', '79.57 E', 'AP', 'A', '', '2016-12-31 18:30:00', NULL, '2017-05-30 06:14:20'),
(55, 'Nalgonda', '17.06 N', '79.26 E', 'AP', 'A', '', '2016-12-31 18:30:00', NULL, '2017-05-30 06:14:20'),
(56, 'Nandyal', '15.49 N', '78.48 E', 'AP', 'A', '', '2016-12-31 18:30:00', NULL, '2017-05-30 06:14:20'),
(57, 'Narasapur', '16.45 N', '81.70 E', 'AP', 'A', '', '2016-12-31 18:30:00', NULL, '2017-05-30 06:14:20'),
(58, 'Narasaraopet', '16.24 N', '80.04 E', 'AP', 'A', '', '2016-12-31 18:30:00', NULL, '2017-05-30 06:14:20'),
(59, 'Nellur', '14.46 N', '79.98 E', 'AP', 'A', '', '2016-12-31 18:30:00', NULL, '2017-05-30 06:14:20'),
(60, 'Nirmal', '19.12 N', '78.35 E', 'AP', 'A', '', '2016-12-31 18:30:00', NULL, '2017-05-30 06:14:20'),
(61, 'Nizamabad', '18.68 N', '78.10 E', 'AP', 'A', '', '2016-12-31 18:30:00', NULL, '2017-05-30 06:14:20'),
(62, 'Nuzvid', '16.78 N', '80.85 E', 'AP', 'A', '', '2016-12-31 18:30:00', NULL, '2017-05-30 06:14:20'),
(63, 'Ongole', '15.50 N', '80.05 E', 'AP', 'A', '', '2016-12-31 18:30:00', NULL, '2017-05-30 06:14:20'),
(64, 'Palakollu', '16.52 N', '81.75 E', 'AP', 'A', '', '2016-12-31 18:30:00', NULL, '2017-05-30 06:14:20'),
(65, 'Palasa', '18.77 N', '84.42 E', 'AP', 'A', '', '2016-12-31 18:30:00', NULL, '2017-05-30 06:14:20'),
(66, 'Palwancha', '17.60 N', '80.68 E', 'AP', 'A', '', '2016-12-31 18:30:00', NULL, '2017-05-30 06:14:20'),
(67, 'Patancheru', '17.53 N', '78.27 E', 'AP', 'A', '', '2016-12-31 18:30:00', NULL, '2017-05-30 06:14:20'),
(68, 'Piduguralla', '16.48 N', '79.90 E', 'AP', 'A', '', '2016-12-31 18:30:00', NULL, '2017-05-30 06:14:20'),
(69, 'Ponnur', '16.07 N', '80.56 E', 'AP', 'A', '', '2016-12-31 18:30:00', NULL, '2017-05-30 06:14:20'),
(70, 'Proddatur', '14.73 N', '78.55 E', 'AP', 'A', '', '2016-12-31 18:30:00', NULL, '2017-05-30 06:14:20'),
(71, 'Qutubullapur', '17.43 N', '78.47 E', 'AP', 'A', '', '2016-12-31 18:30:00', NULL, '2017-05-30 06:14:20'),
(72, 'Rajamahendri', '17.02 N', '81.79 E', 'AP', 'A', '', '2016-12-31 18:30:00', NULL, '2017-05-30 06:14:20'),
(73, 'Rajampet', '14.18 N', '79.17 E', 'AP', 'A', '', '2016-12-31 18:30:00', NULL, '2017-05-30 06:14:20'),
(74, 'Rajendranagar', '17.29 N', '78.39 E', 'AP', 'A', '', '2016-12-31 18:30:00', NULL, '2017-05-30 06:14:20'),
(75, 'Ramachandrapuram', '17.56 N', '78.04 E', 'AP', 'A', '', '2016-12-31 18:30:00', NULL, '2017-05-30 06:14:20'),
(76, 'Ramagundam', '18.80 N', '79.45 E', 'AP', 'A', '', '2016-12-31 18:30:00', NULL, '2017-05-30 06:14:20'),
(77, 'Rayachoti', '14.05 N', '78.75 E', 'AP', 'A', '', '2016-12-31 18:30:00', NULL, '2017-05-30 06:14:20'),
(78, 'Rayadrug', '14.70 N', '76.87 E', 'AP', 'A', '', '2016-12-31 18:30:00', NULL, '2017-05-30 06:14:20'),
(79, 'Samalkot', '17.06 N', '82.18 E', 'AP', 'A', '', '2016-12-31 18:30:00', NULL, '2017-05-30 06:14:20'),
(80, 'Sangareddi', '17.63 N', '78.08 E', 'AP', 'A', '', '2016-12-31 18:30:00', NULL, '2017-05-30 06:14:20'),
(81, 'Sattenapalle', '16.40 N', '80.18 E', 'AP', 'A', '', '2016-12-31 18:30:00', NULL, '2017-05-30 06:14:20'),
(82, 'Serilungampalle', '17.48 N', '78.33 E', 'AP', 'A', '', '2016-12-31 18:30:00', NULL, '2017-05-30 06:14:20'),
(83, 'Siddipet', '18.11 N', '78.84 E', 'AP', 'A', '', '2016-12-31 18:30:00', NULL, '2017-05-30 06:14:20'),
(84, 'Sikandarabad', '17.47 N', '78.52 E', 'AP', 'A', '', '2016-12-31 18:30:00', NULL, '2017-05-30 06:14:20'),
(85, 'Sirsilla', '18.40 N', '78.81 E', 'AP', 'A', '', '2016-12-31 18:30:00', NULL, '2017-05-30 06:14:20'),
(86, 'Srikakulam', '18.30 N', '83.90 E', 'AP', 'A', '', '2016-12-31 18:30:00', NULL, '2017-05-30 06:14:20'),
(87, 'Srikalahasti', '13.76 N', '79.70 E', 'AP', 'A', '', '2016-12-31 18:30:00', NULL, '2017-05-30 06:14:20'),
(88, 'Suriapet', '17.15 N', '79.62 E', 'AP', 'A', '', '2016-12-31 18:30:00', NULL, '2017-05-30 06:14:20'),
(89, 'Tadepalle', '16.48 N', '80.60 E', 'AP', 'A', '', '2016-12-31 18:30:00', NULL, '2017-05-30 06:14:20'),
(90, 'Tadepallegudem', '16.82 N', '81.52 E', 'AP', 'A', '', '2016-12-31 18:30:00', NULL, '2017-05-30 06:14:20'),
(91, 'Tadpatri', '14.91 N', '78.00 E', 'AP', 'A', '', '2016-12-31 18:30:00', NULL, '2017-05-30 06:14:20'),
(92, 'Tandur', '17.25 N', '77.58 E', 'AP', 'A', '', '2016-12-31 18:30:00', NULL, '2017-05-30 06:14:20'),
(93, 'Tanuku', '16.75 N', '81.69 E', 'AP', 'A', '', '2016-12-31 18:30:00', NULL, '2017-05-30 06:14:20'),
(94, 'Tenali', '16.24 N', '80.65 E', 'AP', 'A', '', '2016-12-31 18:30:00', NULL, '2017-05-30 06:14:20'),
(95, 'Tirupati', '13.63 N', '79.41 E', 'AP', 'A', '', '2016-12-31 18:30:00', NULL, '2017-05-30 06:14:20'),
(96, 'Tuni', '17.35 N', '82.55 E', 'AP', 'A', '', '2016-12-31 18:30:00', NULL, '2017-05-30 06:14:20'),
(97, 'Uppal Kalan', '17.38 N', '78.55 E', 'AP', 'A', '', '2016-12-31 18:30:00', NULL, '2017-05-30 06:14:20'),
(98, 'Vijayawada', '16.52 N', '80.63 E', 'AP', 'A', '', '2016-12-31 18:30:00', NULL, '2017-05-30 06:14:20'),
(99, 'Vinukonda', '16.05 N', '79.75 E', 'AP', 'A', '', '2016-12-31 18:30:00', NULL, '2017-05-30 06:14:20'),
(100, 'Visakhapatnam', '17.73 N', '83.30 E', 'AP', 'A', '', '2016-12-31 18:30:00', NULL, '2017-05-30 06:14:20'),
(101, 'Vizianagaram', '18.12 N', '83.40 E', 'AP', 'A', '', '2016-12-31 18:30:00', NULL, '2017-05-30 06:14:20'),
(102, 'Vuyyuru', '16.37 N', '80.85 E', 'AP', 'A', '', '2016-12-31 18:30:00', NULL, '2017-05-30 06:14:20'),
(103, 'Wanparti', '16.37 N', '78.07 E', 'AP', 'A', '', '2016-12-31 18:30:00', NULL, '2017-05-30 06:14:20'),
(104, 'Warangal', '18.01 N', '79.58 E', 'AP', 'A', '', '2016-12-31 18:30:00', NULL, '2017-05-30 06:14:20'),
(105, 'Yemmiganur', '15.73 N', '77.48 E', 'AP', 'A', '', '2016-12-31 18:30:00', NULL, '2017-05-30 06:14:20'),
(106, 'Itanagar', '27.14 N', '93.61 E', 'AR', 'A', '', '2016-12-31 18:30:00', NULL, '2017-05-30 06:14:20'),
(107, 'Barpeta', '26.32 N', '91.00 E', 'AS', 'A', '', '2016-12-31 18:30:00', NULL, '2017-05-30 06:14:20'),
(108, 'Bongaigaon', '26.48 N', '90.54 E', 'AS', 'A', '', '2016-12-31 18:30:00', NULL, '2017-05-30 06:14:20'),
(109, 'Dhuburi', '26.03 N', '89.97 E', 'AS', 'A', '', '2016-12-31 18:30:00', NULL, '2017-05-30 06:14:20'),
(110, 'Dibrugarh', '27.49 N', '94.91 E', 'AS', 'A', '', '2016-12-31 18:30:00', NULL, '2017-05-30 06:14:20'),
(111, 'Diphu', '25.84 N', '93.43 E', 'AS', 'A', '', '2016-12-31 18:30:00', NULL, '2017-05-30 06:14:20'),
(112, 'Guwahati', '26.19 N', '91.75 E', 'AS', 'A', '', '2016-12-31 18:30:00', NULL, '2017-05-30 06:14:20'),
(113, 'Jorhat', '26.76 N', '94.20 E', 'AS', 'A', '', '2016-12-31 18:30:00', NULL, '2017-05-30 06:14:20'),
(114, 'Karimganj', '24.85 N', '92.36 E', 'AS', 'A', '', '2016-12-31 18:30:00', NULL, '2017-05-30 06:14:20'),
(115, 'Lakhimpur', '27.24 N', '94.10 E', 'AS', 'A', '', '2016-12-31 18:30:00', NULL, '2017-05-30 06:14:20'),
(116, 'Lanka', '25.93 N', '92.95 E', 'AS', 'A', '', '2016-12-31 18:30:00', NULL, '2017-05-30 06:14:20'),
(117, 'Nagaon', '26.35 N', '92.68 E', 'AS', 'A', '', '2016-12-31 18:30:00', NULL, '2017-05-30 06:14:20'),
(118, 'Sibsagar', '26.99 N', '94.63 E', 'AS', 'A', '', '2016-12-31 18:30:00', NULL, '2017-05-30 06:14:20'),
(119, 'Silchar', '24.83 N', '92.77 E', 'AS', 'A', '', '2016-12-31 18:30:00', NULL, '2017-05-30 06:14:20'),
(120, 'Tezpur', '26.63 N', '92.79 E', 'AS', 'A', '', '2016-12-31 18:30:00', NULL, '2017-05-30 06:14:20'),
(121, 'Tinsukia', '27.50 N', '95.36 E', 'AS', 'A', '', '2016-12-31 18:30:00', NULL, '2017-05-30 06:14:20'),
(122, 'Alipur Duar', '26.50 N', '89.53 E', 'WB', 'A', '', '2016-12-31 18:30:00', NULL, '2017-05-30 06:14:20'),
(123, 'Arambagh', '22.88 N', '87.78 E', 'WB', 'A', '', '2016-12-31 18:30:00', NULL, '2017-05-30 06:14:20'),
(124, 'Asansol', '23.69 N', '86.98 E', 'WB', 'A', '', '2016-12-31 18:30:00', NULL, '2017-05-30 06:14:20'),
(125, 'Ashoknagar Kalyangarh', '22.84 N', '88.63 E', 'WB', 'A', '', '2016-12-31 18:30:00', NULL, '2017-05-30 06:14:20'),
(126, 'Baharampur', '24.10 N', '88.24 E', 'WB', 'A', '', '2016-12-31 18:30:00', NULL, '2017-05-30 06:14:20'),
(127, 'Baidyabati', '22.79 N', '88.33 E', 'WB', 'A', '', '2016-12-31 18:30:00', NULL, '2017-05-30 06:14:20'),
(128, 'Baj Baj', '22.48 N', '88.17 E', 'WB', 'A', '', '2016-12-31 18:30:00', NULL, '2017-05-30 06:14:20'),
(129, 'Bally', '22.65 N', '88.35 E', 'WB', 'A', '', '2016-12-31 18:30:00', NULL, '2017-05-30 06:14:20'),
(130, 'Bally Cantonment', '22.65 N', '88.36 E', 'WB', 'A', '', '2016-12-31 18:30:00', NULL, '2017-05-30 06:14:20'),
(131, 'Balurghat', '25.23 N', '88.77 E', 'WB', 'A', '', '2016-12-31 18:30:00', NULL, '2017-05-30 06:14:20'),
(132, 'Bangaon', '23.05 N', '88.83 E', 'WB', 'A', '', '2016-12-31 18:30:00', NULL, '2017-05-30 06:14:20'),
(133, 'Bankra', '22.58 N', '88.31 E', 'WB', 'A', '', '2016-12-31 18:30:00', NULL, '2017-05-30 06:14:20'),
(134, 'Bankura', '23.24 N', '87.07 E', 'WB', 'A', '', '2016-12-31 18:30:00', NULL, '2017-05-30 06:14:20'),
(135, 'Bansbaria', '22.95 N', '88.40 E', 'WB', 'A', '', '2016-12-31 18:30:00', NULL, '2017-05-30 06:14:20'),
(136, 'Baranagar', '22.64 N', '88.37 E', 'WB', 'A', '', '2016-12-31 18:30:00', NULL, '2017-05-30 06:14:20'),
(137, 'Barddhaman', '23.24 N', '87.86 E', 'WB', 'A', '', '2016-12-31 18:30:00', NULL, '2017-05-30 06:14:20'),
(138, 'Basirhat', '22.66 N', '88.86 E', 'WB', 'A', '', '2016-12-31 18:30:00', NULL, '2017-05-30 06:14:20'),
(139, 'Bhadreswar', '22.84 N', '88.35 E', 'WB', 'A', '', '2016-12-31 18:30:00', NULL, '2017-05-30 06:14:20'),
(140, 'Bhatpara', '22.89 N', '88.42 E', 'WB', 'A', '', '2016-12-31 18:30:00', NULL, '2017-05-30 06:14:20'),
(141, 'Bidhannagar', '22.57 N', '88.42 E', 'WB', 'A', '', '2016-12-31 18:30:00', NULL, '2017-05-30 06:14:20'),
(142, 'Binnaguri', '26.74 N', '89.037 E', 'WB', 'A', '', '2016-12-31 18:30:00', NULL, '2017-05-30 06:14:20'),
(143, 'Bishnupur', '23.08 N', '87.33 E', 'WB', 'A', '', '2016-12-31 18:30:00', NULL, '2017-05-30 06:14:20'),
(144, 'Bolpur', '23.67 N', '87.70 E', 'WB', 'A', '', '2016-12-31 18:30:00', NULL, '2017-05-30 06:14:20'),
(145, 'Calcutta', '22.57 N', '88.36 E', 'WB', 'A', '', '2016-12-31 18:30:00', NULL, '2017-05-30 06:14:20'),
(146, 'Chakdaha', '22.48 N', '88.35 E', 'WB', 'A', '', '2016-12-31 18:30:00', NULL, '2017-05-30 06:14:20'),
(147, 'Champdani', '22.81 N', '88.34 E', 'WB', 'A', '', '2016-12-31 18:30:00', NULL, '2017-05-30 06:14:20'),
(148, 'Chandannagar', '22.89 N', '88.37 E', 'WB', 'A', '', '2016-12-31 18:30:00', NULL, '2017-05-30 06:14:20'),
(149, 'Contai', '21.79 N', '87.75 E', 'WB', 'A', '', '2016-12-31 18:30:00', NULL, '2017-05-30 06:14:20'),
(150, 'Dabgram', '', '', 'WB', 'A', '', '2016-12-31 18:30:00', NULL, '2017-05-30 06:14:20'),
(151, 'Darjiling', '27.05 N', '88.26 E', 'WB', 'A', '', '2016-12-31 18:30:00', NULL, '2017-05-30 06:14:20'),
(152, 'Dhulian', '24.68 N', '87.97 E', 'WB', 'A', '', '2016-12-31 18:30:00', NULL, '2017-05-30 06:14:20'),
(153, 'Dinhata', '26.13 N', '89.47 E', 'WB', 'A', '', '2016-12-31 18:30:00', NULL, '2017-05-30 06:14:20'),
(154, 'Dum Dum', '22.63 N', '88.42 E', 'WB', 'A', '', '2016-12-31 18:30:00', NULL, '2017-05-30 06:14:20'),
(155, 'Durgapur', '23.50 N', '87.31 E', 'WB', 'A', '', '2016-12-31 18:30:00', NULL, '2017-05-30 06:14:20'),
(156, 'Gangarampur', '25.40 N', '88.52 E', 'WB', 'A', '', '2016-12-31 18:30:00', NULL, '2017-05-30 06:14:20'),
(157, 'Garulia', '22.83 N', '88.37 E', 'WB', 'A', '', '2016-12-31 18:30:00', NULL, '2017-05-30 06:14:20'),
(158, 'Gayespur', '22.98 N', '88.51 E', 'WB', 'A', '', '2016-12-31 18:30:00', NULL, '2017-05-30 06:14:20'),
(159, 'Ghatal', '22.67 N', '87.72 E', 'WB', 'A', '', '2016-12-31 18:30:00', NULL, '2017-05-30 06:14:20'),
(160, 'Gopalpur', '', '', 'WB', 'A', '', '2016-12-31 18:30:00', NULL, '2017-05-30 06:14:20'),
(161, 'Habra', '22.84 N', '88.62 E', 'WB', 'A', '', '2016-12-31 18:30:00', NULL, '2017-05-30 06:14:20'),
(162, 'Halisahar', '22.95 N', '88.42 E', 'WB', 'A', '', '2016-12-31 18:30:00', NULL, '2017-05-30 06:14:20'),
(163, 'Haora', '22.58 N', '88.33 E', 'WB', 'A', '', '2016-12-31 18:30:00', NULL, '2017-05-30 06:14:20'),
(164, 'HugliChunchura', '22.91 N', '88.40 E', 'WB', 'A', '', '2016-12-31 18:30:00', NULL, '2017-05-30 06:14:20'),
(165, 'Ingraj Bazar', '25.01 N', '88.14 E', 'WB', 'A', '', '2016-12-31 18:30:00', NULL, '2017-05-30 06:14:20'),
(166, 'Islampur', '26.27 N', '88.20 E', 'WB', 'A', '', '2016-12-31 18:30:00', NULL, '2017-05-30 06:14:20'),
(167, 'Jalpaiguri', '26.53 N', '88.71 E', 'WB', 'A', '', '2016-12-31 18:30:00', NULL, '2017-05-30 06:14:20'),
(168, 'Jamuria', '23.70 N', '87.08 E', 'WB', 'A', '', '2016-12-31 18:30:00', NULL, '2017-05-30 06:14:20'),
(169, 'Jangipur', '24.47 N', '88.07 E', 'WB', 'A', '', '2016-12-31 18:30:00', NULL, '2017-05-30 06:14:20'),
(170, 'Jhargram', '22.45 N', '86.98 E', 'WB', 'A', '', '2016-12-31 18:30:00', NULL, '2017-05-30 06:14:20'),
(171, 'Kaliyaganj', '25.63 N', '88.32 E', 'WB', 'A', '', '2016-12-31 18:30:00', NULL, '2017-05-30 06:14:20'),
(172, 'Kalna', '23.22 N', '88.37 E', 'WB', 'A', '', '2016-12-31 18:30:00', NULL, '2017-05-30 06:14:20'),
(173, 'Kalyani', '22.98 N', '88.48 E', 'WB', 'A', '', '2016-12-31 18:30:00', NULL, '2017-05-30 06:14:20'),
(174, 'Kamarhati', '22.67 N', '88.37 E', 'WB', 'A', '', '2016-12-31 18:30:00', NULL, '2017-05-30 06:14:20'),
(175, 'Kanchrapara', '22.95 N', '88.45 E', 'WB', 'A', '', '2016-12-31 18:30:00', NULL, '2017-05-30 06:14:20'),
(176, 'Kandi', '23.95 N', '88.03 E', 'WB', 'A', '', '2016-12-31 18:30:00', NULL, '2017-05-30 06:14:20'),
(177, 'Karsiyang', '26.88 N', '88.28 E', 'WB', 'A', '', '2016-12-31 18:30:00', NULL, '2017-05-30 06:14:20'),
(178, 'Katwa', '23.65 N', '88.13 E', 'WB', 'A', '', '2016-12-31 18:30:00', NULL, '2017-05-30 06:14:20'),
(179, 'Kharagpur', '22.34 N', '87.31 E', 'WB', 'A', '', '2016-12-31 18:30:00', NULL, '2017-05-30 06:14:20'),
(180, 'Kharagpur Railway Settlement', '22.34 N', '87.26 E', 'WB', 'A', '', '2016-12-31 18:30:00', NULL, '2017-05-30 06:14:20'),
(181, 'Khardaha', '22.73 N', '88.38 E', 'WB', 'A', '', '2016-12-31 18:30:00', NULL, '2017-05-30 06:14:20'),
(182, 'Kharia', '', '', 'WB', 'A', '', '2016-12-31 18:30:00', NULL, '2017-05-30 06:14:20'),
(183, 'Koch BH', '26.33 N', '89.46 E', 'WB', 'A', '', '2016-12-31 18:30:00', NULL, '2017-05-30 06:14:20'),
(184, 'Konnagar', '22.70 N', '88.36 E', 'WB', 'A', '', '2016-12-31 18:30:00', NULL, '2017-05-30 06:14:20'),
(185, 'Krishnanagar', '23.41 N', '88.51 E', 'WB', 'A', '', '2016-12-31 18:30:00', NULL, '2017-05-30 06:14:20'),
(186, 'Kulti', '23.72 N', '86.89 E', 'WB', 'A', '', '2016-12-31 18:30:00', NULL, '2017-05-30 06:14:20'),
(187, 'Madhyamgram', '22.70 N', '88.45 E', 'WB', 'A', '', '2016-12-31 18:30:00', NULL, '2017-05-30 06:14:20'),
(188, 'Maheshtala', '22.51 N', '88.23 E', 'WB', 'A', '', '2016-12-31 18:30:00', NULL, '2017-05-30 06:14:20'),
(189, 'Memari', '23.20 N', '88.12 E', 'WB', 'A', '', '2016-12-31 18:30:00', NULL, '2017-05-30 06:14:20'),
(190, 'Midnapur', '22.33 N', '87.15 E', 'WB', 'A', '', '2016-12-31 18:30:00', NULL, '2017-05-30 06:14:20'),
(191, 'Naihati', '22.91 N', '88.43 E', 'WB', 'A', '', '2016-12-31 18:30:00', NULL, '2017-05-30 06:14:20'),
(192, 'Navadwip', '23.42 N', '88.37 E', 'WB', 'A', '', '2016-12-31 18:30:00', NULL, '2017-05-30 06:14:20'),
(193, 'Ni Barakpur', '22.77 N', '88.36 E', 'WB', 'A', '', '2016-12-31 18:30:00', NULL, '2017-05-30 06:14:20'),
(194, 'North Barakpur', '22.78 N', '88.37 E', 'WB', 'A', '', '2016-12-31 18:30:00', NULL, '2017-05-30 06:14:20'),
(195, 'North Dum Dum', '22.64 N', '88.41 E', 'WB', 'A', '', '2016-12-31 18:30:00', NULL, '2017-05-30 06:14:20'),
(196, 'Old Maldah', '', '', 'WB', 'A', '', '2016-12-31 18:30:00', NULL, '2017-05-30 06:14:20'),
(197, 'Panihati', '22.69 N', '88.37 E', 'WB', 'A', '', '2016-12-31 18:30:00', NULL, '2017-05-30 06:14:20'),
(198, 'Phulia', '23.24 N', '88.50 E', 'WB', 'A', '', '2016-12-31 18:30:00', NULL, '2017-05-30 06:14:20'),
(199, 'Pujali', '22.47 N', '88.15 E', 'WB', 'A', '', '2016-12-31 18:30:00', NULL, '2017-05-30 06:14:20'),
(200, 'Puruliya', '23.34 N', '86.36 E', 'WB', 'A', '', '2016-12-31 18:30:00', NULL, '2017-05-30 06:14:20'),
(201, 'Raiganj', '25.62 N', '88.12 E', 'WB', 'A', '', '2016-12-31 18:30:00', NULL, '2017-05-30 06:14:20'),
(202, 'Rajpur', '22.44 N', '88.44 E', 'WB', 'A', '', '2016-12-31 18:30:00', NULL, '2017-05-30 06:14:20'),
(203, 'Rampur Hat', '24.17 N', '87.78 E', 'WB', 'A', '', '2016-12-31 18:30:00', NULL, '2017-05-30 06:14:20'),
(204, 'Ranaghat', '23.19 N', '88.58 E', 'WB', 'A', '', '2016-12-31 18:30:00', NULL, '2017-05-30 06:14:20'),
(205, 'Raniganj', '23.62 N', '87.11 E', 'WB', 'A', '', '2016-12-31 18:30:00', NULL, '2017-05-30 06:14:20'),
(206, 'Rishra', '22.71 N', '88.36 E', 'WB', 'A', '', '2016-12-31 18:30:00', NULL, '2017-05-30 06:14:20'),
(207, 'Shantipur', '23.26 N', '88.44 E', 'WB', 'A', '', '2016-12-31 18:30:00', NULL, '2017-05-30 06:14:20'),
(208, 'Shiliguri', '26.73 N', '88.42 E', 'WB', 'A', '', '2016-12-31 18:30:00', NULL, '2017-05-30 06:14:20'),
(209, 'Shrirampur', '22.74 N', '88.35 E', 'WB', 'A', '', '2016-12-31 18:30:00', NULL, '2017-05-30 06:14:20'),
(210, 'Siuri', '23.91 N', '87.53 E', 'WB', 'A', '', '2016-12-31 18:30:00', NULL, '2017-05-30 06:14:20'),
(211, 'South Dum Dum', '22.61 N', '88.41 E', 'WB', 'A', '', '2016-12-31 18:30:00', NULL, '2017-05-30 06:14:20'),
(212, 'Titagarh', '22.74 N', '88.38 E', 'WB', 'A', '', '2016-12-31 18:30:00', NULL, '2017-05-30 06:14:20'),
(213, 'Ulubaria', '22.47 N', '88.11 E', 'WB', 'A', '', '2016-12-31 18:30:00', NULL, '2017-05-30 06:14:20'),
(214, 'UttarparaKotrung', '22.66 N', '88.35 E', 'WB', 'A', '', '2016-12-31 18:30:00', NULL, '2017-05-30 06:14:20'),
(215, 'Araria', '26.15 N', '87.52 E', 'BH', 'A', '', '2016-12-31 18:30:00', NULL, '2017-05-30 06:14:20'),
(216, 'Arrah', '25.56 N', '84.66 E', 'BH', 'A', '', '2016-12-31 18:30:00', NULL, '2017-05-30 06:14:20'),
(217, 'Aurangabad', '24.75 N', '84.37 E', 'BH', 'A', '', '2016-12-31 18:30:00', NULL, '2017-05-30 06:14:20'),
(218, 'Bagaha', '27.10 N', '84.09 E', 'BH', 'A', '', '2016-12-31 18:30:00', NULL, '2017-05-30 06:14:20'),
(219, 'Begusarai', '25.42 N', '86.12 E', 'BH', 'A', '', '2016-12-31 18:30:00', NULL, '2017-05-30 06:14:20'),
(220, 'Bettiah', '26.81 N', '84.50 E', 'BH', 'A', '', '2016-12-31 18:30:00', NULL, '2017-05-30 06:14:20'),
(221, 'Bhabua', '25.05 N', '83.62 E', 'BH', 'A', '', '2016-12-31 18:30:00', NULL, '2017-05-30 06:14:20'),
(222, 'Bhagalpur', '25.26 N', '86.98 E', 'BH', 'A', '', '2016-12-31 18:30:00', NULL, '2017-05-30 06:14:20'),
(223, 'Bihar', '25.21 N', '85.52 E', 'BH', 'A', '', '2016-12-31 18:30:00', NULL, '2017-05-30 06:14:20'),
(224, 'Buxar', '25.58 N', '83.98 E', 'BH', 'A', '', '2016-12-31 18:30:00', NULL, '2017-05-30 06:14:20'),
(225, 'Chhapra', '25.78 N', '84.72 E', 'BH', 'A', '', '2016-12-31 18:30:00', NULL, '2017-05-30 06:14:20'),
(226, 'Darbhanga', '26.16 N', '85.88 E', 'BH', 'A', '', '2016-12-31 18:30:00', NULL, '2017-05-30 06:14:20'),
(227, 'Dehri', '24.91 N', '84.18 E', 'BH', 'A', '', '2016-12-31 18:30:00', NULL, '2017-05-30 06:14:20'),
(228, 'DighaMainpura', '', '', 'BH', 'A', '', '2016-12-31 18:30:00', NULL, '2017-05-30 06:14:20'),
(229, 'Dinapur', '25.64 N', '85.04 E', 'BH', 'A', '', '2016-12-31 18:30:00', NULL, '2017-05-30 06:14:20'),
(230, 'Dumraon', '25.55 N', '84.15 E', 'BH', 'A', '', '2016-12-31 18:30:00', NULL, '2017-05-30 06:14:20'),
(231, 'Gaya', '24.81 N', '85.00 E', 'BH', 'A', '', '2016-12-31 18:30:00', NULL, '2017-05-30 06:14:20'),
(232, 'Gopalganj', '26.47 N', '84.43 E', 'BH', 'A', '', '2016-12-31 18:30:00', NULL, '2017-05-30 06:14:20'),
(233, 'Goura', '', '', 'BH', 'A', '', '2016-12-31 18:30:00', NULL, '2017-05-30 06:14:20'),
(234, 'Hajipur', '', '', 'BH', 'A', '', '2016-12-31 18:30:00', NULL, '2017-05-30 06:14:20'),
(235, 'Jahanabad', '25.22 N', '84.98 E', 'BH', 'A', '', '2016-12-31 18:30:00', NULL, '2017-05-30 06:14:20'),
(236, 'Jamalpur', '25.32 N', '86.48 E', 'BH', 'A', '', '2016-12-31 18:30:00', NULL, '2017-05-30 06:14:20'),
(237, 'Jamui', '24.92 N', '86.22 E', 'BH', 'A', '', '2016-12-31 18:30:00', NULL, '2017-05-30 06:14:20'),
(238, 'Katihar', '25.55 N', '87.57 E', 'BH', 'A', '', '2016-12-31 18:30:00', NULL, '2017-05-30 06:14:20'),
(239, 'Khagaria', '25.50 N', '86.48 E', 'BH', 'A', '', '2016-12-31 18:30:00', NULL, '2017-05-30 06:14:20'),
(240, 'Khagaul', '25.58 N', '85.05 E', 'BH', 'A', '', '2016-12-31 18:30:00', NULL, '2017-05-30 06:14:20'),
(241, 'Kishanganj', '26.11 N', '87.95 E', 'BH', 'A', '', '2016-12-31 18:30:00', NULL, '2017-05-30 06:14:20'),
(242, 'Lakhisarai', '25.18 N', '86.09 E', 'BH', 'A', '', '2016-12-31 18:30:00', NULL, '2017-05-30 06:14:20'),
(243, 'Madhipura', '25.92 N', '86.78 E', 'BH', 'A', '', '2016-12-31 18:30:00', NULL, '2017-05-30 06:14:20'),
(244, 'Madhubani', '26.37 N', '86.06 E', 'BH', 'A', '', '2016-12-31 18:30:00', NULL, '2017-05-30 06:14:20'),
(245, 'Masaurhi', '25.35 N', '85.03 E', 'BH', 'A', '', '2016-12-31 18:30:00', NULL, '2017-05-30 06:14:20'),
(246, 'Mokama', '25.40 N', '85.92 E', 'BH', 'A', '', '2016-12-31 18:30:00', NULL, '2017-05-30 06:14:20'),
(247, 'Motihari', '26.66 N', '84.91 E', 'BH', 'A', '', '2016-12-31 18:30:00', NULL, '2017-05-30 06:14:20'),
(248, 'Munger', '25.39 N', '86.47 E', 'BH', 'A', '', '2016-12-31 18:30:00', NULL, '2017-05-30 06:14:20'),
(249, 'Muzaffarpur', '26.13 N', '85.38 E', 'BH', 'A', '', '2016-12-31 18:30:00', NULL, '2017-05-30 06:14:20'),
(250, 'Nawada', '24.88 N', '85.54 E', 'BH', 'A', '', '2016-12-31 18:30:00', NULL, '2017-05-30 06:14:20'),
(251, 'Patna', '25.62 N', '85.13 E', 'BH', 'A', '', '2016-12-31 18:30:00', NULL, '2017-05-30 06:14:20'),
(252, 'Phulwari', '25.60 N', '85.13 E', 'BH', 'A', '', '2016-12-31 18:30:00', NULL, '2017-05-30 06:14:20'),
(253, 'Purnia', '25.78 N', '87.47 E', 'BH', 'A', '', '2016-12-31 18:30:00', NULL, '2017-05-30 06:14:20'),
(254, 'Raxaul', '26.98 N', '84.85 E', 'BH', 'A', '', '2016-12-31 18:30:00', NULL, '2017-05-30 06:14:20'),
(255, 'Saharsa', '25.88 N', '86.59 E', 'BH', 'A', '', '2016-12-31 18:30:00', NULL, '2017-05-30 06:14:20'),
(256, 'Samastipur', '25.85 N', '85.78 E', 'BH', 'A', '', '2016-12-31 18:30:00', NULL, '2017-05-30 06:14:20'),
(257, 'Sasaram', '24.96 N', '84.01 E', 'BH', 'A', '', '2016-12-31 18:30:00', NULL, '2017-05-30 06:14:20'),
(258, 'Sitamarhi', '26.61 N', '85.48 E', 'BH', 'A', '', '2016-12-31 18:30:00', NULL, '2017-05-30 06:14:20'),
(259, 'Siwan', '26.23 N', '84.35 E', 'BH', 'A', '', '2016-12-31 18:30:00', NULL, '2017-05-30 06:14:20'),
(260, 'Supaul', '26.12 N', '86.60 E', 'BH', 'A', '', '2016-12-31 18:30:00', NULL, '2017-05-30 06:14:20'),
(261, 'Chandigarh', '30.75 N', '76.78 E', 'CH', 'A', '', '2016-12-31 18:30:00', NULL, '2017-05-30 06:14:20'),
(262, 'Ambikapur', '23.13 N', '83.20 E', 'CS', 'A', '', '2016-12-31 18:30:00', NULL, '2017-05-30 06:14:20'),
(263, 'Bhilai', '21.21 N', '81.38 E', 'CS', 'A', '', '2016-12-31 18:30:00', NULL, '2017-05-30 06:14:20'),
(264, 'Bilaspur', '22.09 N', '82.15 E', 'CS', 'A', '', '2016-12-31 18:30:00', NULL, '2017-05-30 06:14:20'),
(265, 'Charoda', '21.23 N', '81.50 E', 'CS', 'A', '', '2016-12-31 18:30:00', NULL, '2017-05-30 06:14:20'),
(266, 'Chirmiri', '23.21 N', '82.41 E', 'CS', 'A', '', '2016-12-31 18:30:00', NULL, '2017-05-30 06:14:20'),
(267, 'Dhamtari', '20.71 N', '81.55 E', 'CS', 'A', '', '2016-12-31 18:30:00', NULL, '2017-05-30 06:14:20'),
(268, 'Durg', '21.20 N', '81.28 E', 'CS', 'A', '', '2016-12-31 18:30:00', NULL, '2017-05-30 06:14:20'),
(269, 'Jagdalpur', '19.09 N', '82.03 E', 'CS', 'A', '', '2016-12-31 18:30:00', NULL, '2017-05-30 06:14:20'),
(270, 'Korba', '22.35 N', '82.69 E', 'CS', 'A', '', '2016-12-31 18:30:00', NULL, '2017-05-30 06:14:20'),
(271, 'Raigarh', '21.90 N', '83.39 E', 'CS', 'A', '', '2016-12-31 18:30:00', NULL, '2017-05-30 06:14:20'),
(272, 'Raipur', '21.24 N', '81.63 E', 'CS', 'A', '', '2016-12-31 18:30:00', NULL, '2017-05-30 06:14:20'),
(273, 'Rajnandgaon', '21.10 N', '81.04 E', 'CS', 'A', '', '2016-12-31 18:30:00', NULL, '2017-05-30 06:14:20'),
(274, 'Bhalswa Jahangirpur', '28.74 N', '77.17 E', 'DL', 'A', '', '2016-12-31 18:30:00', NULL, '2017-05-30 06:14:20'),
(275, 'Burari', '', '', 'DL', 'A', '', '2016-12-31 18:30:00', NULL, '2017-05-30 06:14:20'),
(276, 'Chilla Saroda Bangar', '', '', 'DL', 'A', '', '2016-12-31 18:30:00', NULL, '2017-05-30 06:14:20'),
(277, 'Dallo Pura', '', '', 'DL', 'A', '', '2016-12-31 18:30:00', NULL, '2017-05-30 06:14:20'),
(278, 'Delhi', '28.67 N', '77.21 E', 'DL', 'A', '', '2016-12-31 18:30:00', NULL, '2017-05-30 06:14:20'),
(279, 'Deoli', '28.49 N', '77.22 E', 'DL', 'A', '', '2016-12-31 18:30:00', NULL, '2017-05-30 06:14:20'),
(280, 'Dilli Cantonment', '28.57 N', '77.16 E', 'DL', 'A', '', '2016-12-31 18:30:00', NULL, '2017-05-30 06:14:20'),
(281, 'Gharoli', '', '', 'DL', 'A', '', '2016-12-31 18:30:00', NULL, '2017-05-30 06:14:20'),
(282, 'Gokalpur', '28.71 N', '77.28 E', 'DL', 'A', '', '2016-12-31 18:30:00', NULL, '2017-05-30 06:14:20'),
(283, 'Hastsal', '', '', 'DL', 'A', '', '2016-12-31 18:30:00', NULL, '2017-05-30 06:14:20'),
(284, 'Jaffrabad', '', '', 'DL', 'A', '', '2016-12-31 18:30:00', NULL, '2017-05-30 06:14:20'),
(285, 'Karawal Nagar', '', '', 'DL', 'A', '', '2016-12-31 18:30:00', NULL, '2017-05-30 06:14:20'),
(286, 'Khajuri Khas', '', '', 'DL', 'A', '', '2016-12-31 18:30:00', NULL, '2017-05-30 06:14:20'),
(287, 'Kirari Suleman Nagar', '', '', 'DL', 'A', '', '2016-12-31 18:30:00', NULL, '2017-05-30 06:14:20'),
(288, 'Mandoli', '', '', 'DL', 'A', '', '2016-12-31 18:30:00', NULL, '2017-05-30 06:14:20'),
(289, 'Mithe Pur', '', '', 'DL', 'A', '', '2016-12-31 18:30:00', NULL, '2017-05-30 06:14:20'),
(290, 'Molarband', '', '', 'DL', 'A', '', '2016-12-31 18:30:00', NULL, '2017-05-30 06:14:20'),
(291, 'Mundka', '', '', 'DL', 'A', '', '2016-12-31 18:30:00', NULL, '2017-05-30 06:14:20'),
(292, 'Mustafabad', '', '', 'DL', 'A', '', '2016-12-31 18:30:00', NULL, '2017-05-30 06:14:20'),
(293, 'Nangloi Jat', '28.68 N', '77.07 E', 'DL', 'A', '', '2016-12-31 18:30:00', NULL, '2017-05-30 06:14:20'),
(294, 'Ni Dilli', '28.60 N', '77.22 E', 'DL', 'A', '', '2016-12-31 18:30:00', NULL, '2017-05-30 06:14:20'),
(295, 'Pul Pehlad', '', '', 'DL', 'A', '', '2016-12-31 18:30:00', NULL, '2017-05-30 06:14:20'),
(296, 'Puth Kalan', '', '', 'DL', 'A', '', '2016-12-31 18:30:00', NULL, '2017-05-30 06:14:20'),
(297, 'Roshan Pura', '28.60 N', '76.99 E', 'DL', 'A', '', '2016-12-31 18:30:00', NULL, '2017-05-30 06:14:20'),
(298, 'Sadat Pur Gujran', '', '', 'DL', 'A', '', '2016-12-31 18:30:00', NULL, '2017-05-30 06:14:20'),
(299, 'Sultanpur Majra', '28.76 N', '77.06 E', 'DL', 'A', '', '2016-12-31 18:30:00', NULL, '2017-05-30 06:14:20'),
(300, 'Tajpul', '', '', 'DL', 'A', '', '2016-12-31 18:30:00', NULL, '2017-05-30 06:14:20'),
(301, 'Tigri', '28.50 N', '77.22 E', 'DL', 'A', '', '2016-12-31 18:30:00', NULL, '2017-05-30 06:14:20'),
(302, 'Ziauddin Pur', '', '', 'DL', 'A', '', '2016-12-31 18:30:00', NULL, '2017-05-30 06:14:20'),
(303, 'Madgaon', '15.28 N', '73.94 E', 'GA', 'A', '', '2016-12-31 18:30:00', NULL, '2017-05-30 06:14:20'),
(304, 'Mormugao', '15.42 N', '73.78 E', 'GA', 'A', '', '2016-12-31 18:30:00', NULL, '2017-05-30 06:14:20'),
(305, 'Panaji', '15.50 N', '73.81 E', 'GA', 'A', '', '2016-12-31 18:30:00', NULL, '2017-05-30 06:14:20'),
(306, 'Ahmadabad', '23.03 N', '72.58 E', 'GJ', 'A', '', '2016-12-31 18:30:00', NULL, '2017-05-30 06:14:20'),
(307, 'Amreli', '21.61 N', '71.22 E', 'GJ', 'A', '', '2016-12-31 18:30:00', NULL, '2017-05-30 06:14:20'),
(308, 'Anand', '22.56 N', '72.95 E', 'GJ', 'A', '', '2016-12-31 18:30:00', NULL, '2017-05-30 06:14:20'),
(309, 'Anjar', '23.12 N', '70.02 E', 'GJ', 'A', '', '2016-12-31 18:30:00', NULL, '2017-05-30 06:14:20'),
(310, 'Bardoli', '21.12 N', '73.12 E', 'GJ', 'A', '', '2016-12-31 18:30:00', NULL, '2017-05-30 06:14:20'),
(311, 'Bharuch', '21.71 N', '72.97 E', 'GJ', 'A', '', '2016-12-31 18:30:00', NULL, '2017-05-30 06:14:20'),
(312, 'Bhavnagar', '21.79 N', '72.13 E', 'GJ', 'A', '', '2016-12-31 18:30:00', NULL, '2017-05-30 06:14:20'),
(313, 'Bhuj', '23.26 N', '69.66 E', 'GJ', 'A', '', '2016-12-31 18:30:00', NULL, '2017-05-30 06:14:20'),
(314, 'Borsad', '22.42 N', '72.90 E', 'GJ', 'A', '', '2016-12-31 18:30:00', NULL, '2017-05-30 06:14:20'),
(315, 'Botad', '22.18 N', '71.66 E', 'GJ', 'A', '', '2016-12-31 18:30:00', NULL, '2017-05-30 06:14:20'),
(316, 'Chandkheda', '23.15 N', '72.61 E', 'GJ', 'A', '', '2016-12-31 18:30:00', NULL, '2017-05-30 06:14:20'),
(317, 'Chandlodiya', '23.10 N', '72.56 E', 'GJ', 'A', '', '2016-12-31 18:30:00', NULL, '2017-05-30 06:14:20'),
(318, 'Dabhoi', '22.13 N', '73.41 E', 'GJ', 'A', '', '2016-12-31 18:30:00', NULL, '2017-05-30 06:14:20'),
(319, 'Dahod', '22.84 N', '74.25 E', 'GJ', 'A', '', '2016-12-31 18:30:00', NULL, '2017-05-30 06:14:20'),
(320, 'Dholka', '22.74 N', '72.44 E', 'GJ', 'A', '', '2016-12-31 18:30:00', NULL, '2017-05-30 06:14:20'),
(321, 'Dhoraji', '21.74 N', '70.44 E', 'GJ', 'A', '', '2016-12-31 18:30:00', NULL, '2017-05-30 06:14:20'),
(322, 'Dhrangadhra', '23.00 N', '71.46 E', 'GJ', 'A', '', '2016-12-31 18:30:00', NULL, '2017-05-30 06:14:20'),
(323, 'Disa', '24.26 N', '72.18 E', 'GJ', 'A', '', '2016-12-31 18:30:00', NULL, '2017-05-30 06:14:20'),
(324, 'Gandhidham', '23.07 N', '70.13 E', 'GJ', 'A', '', '2016-12-31 18:30:00', NULL, '2017-05-30 06:14:20'),
(325, 'Gandhinagar', '23.30 N', '72.63 E', 'GJ', 'A', '', '2016-12-31 18:30:00', NULL, '2017-05-30 06:14:20'),
(326, 'Ghatlodiya', '23.05 N', '72.55 E', 'GJ', 'A', '', '2016-12-31 18:30:00', NULL, '2017-05-30 06:14:20'),
(327, 'Godhra', '22.77 N', '73.60 E', 'GJ', 'A', '', '2016-12-31 18:30:00', NULL, '2017-05-30 06:14:20'),
(328, 'Gondal', '21.97 N', '70.80 E', 'GJ', 'A', '', '2016-12-31 18:30:00', NULL, '2017-05-30 06:14:20'),
(329, 'Himatnagar', '23.60 N', '72.96 E', 'GJ', 'A', '', '2016-12-31 18:30:00', NULL, '2017-05-30 06:14:20'),
(330, 'Jamnagar', '22.47 N', '70.07 E', 'GJ', 'A', '', '2016-12-31 18:30:00', NULL, '2017-05-30 06:14:20'),
(331, 'Jamnagar', '', '', 'GJ', 'A', '', '2016-12-31 18:30:00', NULL, '2017-05-30 06:14:20'),
(332, 'Jetpur', '21.75 N', '70.61 E', 'GJ', 'A', '', '2016-12-31 18:30:00', NULL, '2017-05-30 06:14:20'),
(333, 'Junagadh', '21.52 N', '70.45 E', 'GJ', 'A', '', '2016-12-31 18:30:00', NULL, '2017-05-30 06:14:20'),
(334, 'Kalol', '23.25 N', '72.49 E', 'GJ', 'A', '', '2016-12-31 18:30:00', NULL, '2017-05-30 06:14:20'),
(335, 'Keshod', '21.31 N', '70.23 E', 'GJ', 'A', '', '2016-12-31 18:30:00', NULL, '2017-05-30 06:14:20'),
(336, 'Khambhat', '22.32 N', '72.61 E', 'GJ', 'A', '', '2016-12-31 18:30:00', NULL, '2017-05-30 06:14:20'),
(337, 'Kundla', '21.35 N', '71.30 E', 'GJ', 'A', '', '2016-12-31 18:30:00', NULL, '2017-05-30 06:14:20'),
(338, 'Mahuva', '21.10 N', '71.75 E', 'GJ', 'A', '', '2016-12-31 18:30:00', NULL, '2017-05-30 06:14:20'),
(339, 'Mangrol', '21.12 N', '70.12 E', 'GJ', 'A', '', '2016-12-31 18:30:00', NULL, '2017-05-30 06:14:20'),
(340, 'Modasa', '23.47 N', '73.30 E', 'GJ', 'A', '', '2016-12-31 18:30:00', NULL, '2017-05-30 06:14:20'),
(341, 'Morvi', '22.82 N', '70.83 E', 'GJ', 'A', '', '2016-12-31 18:30:00', NULL, '2017-05-30 06:14:20'),
(342, 'Nadiad', '22.70 N', '72.85 E', 'GJ', 'A', '', '2016-12-31 18:30:00', NULL, '2017-05-30 06:14:20'),
(343, 'Navagam Ghed', '', '', 'GJ', 'A', '', '2016-12-31 18:30:00', NULL, '2017-05-30 06:14:20'),
(344, 'Navsari', '20.96 N', '72.92 E', 'GJ', 'A', '', '2016-12-31 18:30:00', NULL, '2017-05-30 06:14:20'),
(345, 'Palitana', '21.52 N', '71.83 E', 'GJ', 'A', '', '2016-12-31 18:30:00', NULL, '2017-05-30 06:14:20'),
(346, 'Patan', '23.86 N', '72.11 E', 'GJ', 'A', '', '2016-12-31 18:30:00', NULL, '2017-05-30 06:14:20'),
(347, 'Porbandar', '21.65 N', '69.60 E', 'GJ', 'A', '', '2016-12-31 18:30:00', NULL, '2017-05-30 06:14:20'),
(348, 'Puna', '', '', 'GJ', 'A', '', '2016-12-31 18:30:00', NULL, '2017-05-30 06:14:20'),
(349, 'Rajkot', '22.31 N', '70.79 E', 'GJ', 'A', '', '2016-12-31 18:30:00', NULL, '2017-05-30 06:14:20'),
(350, 'Ramod', '', '', 'GJ', 'A', '', '2016-12-31 18:30:00', NULL, '2017-05-30 06:14:20'),
(351, 'Ranip', '23.03 N', '72.54 E', 'GJ', 'A', '', '2016-12-31 18:30:00', NULL, '2017-05-30 06:14:20'),
(352, 'Siddhapur', '23.92 N', '72.37 E', 'GJ', 'A', '', '2016-12-31 18:30:00', NULL, '2017-05-30 06:14:20'),
(353, 'Sihor', '21.70 N', '71.97 E', 'GJ', 'A', '', '2016-12-31 18:30:00', NULL, '2017-05-30 06:14:20'),
(354, 'Surat', '21.20 N', '72.82 E', 'GJ', 'A', '', '2016-12-31 18:30:00', NULL, '2017-05-30 06:14:20'),
(355, 'Surendranagar', '22.71 N', '71.67 E', 'GJ', 'A', '', '2016-12-31 18:30:00', NULL, '2017-05-30 06:14:20'),
(356, 'Thaltej', '', '', 'GJ', 'A', '', '2016-12-31 18:30:00', NULL, '2017-05-30 06:14:20'),
(357, 'Una', '20.82 N', '71.03 E', 'GJ', 'A', '', '2016-12-31 18:30:00', NULL, '2017-05-30 06:14:20'),
(358, 'Unjha', '23.81 N', '72.38 E', 'GJ', 'A', '', '2016-12-31 18:30:00', NULL, '2017-05-30 06:14:20'),
(359, 'Upleta', '21.75 N', '70.27 E', 'GJ', 'A', '', '2016-12-31 18:30:00', NULL, '2017-05-30 06:14:20'),
(360, 'Vadodara', '22.31 N', '73.18 E', 'GJ', 'A', '', '2016-12-31 18:30:00', NULL, '2017-05-30 06:14:20'),
(361, 'Valsad', '20.62 N', '72.92 E', 'GJ', 'A', '', '2016-12-31 18:30:00', NULL, '2017-05-30 06:14:20'),
(362, 'Vapi', '20.37 N', '72.90 E', 'GJ', 'A', '', '2016-12-31 18:30:00', NULL, '2017-05-30 06:14:20'),
(363, 'Vastral', '', '', 'GJ', 'A', '', '2016-12-31 18:30:00', NULL, '2017-05-30 06:14:20'),
(364, 'Vejalpur', '', '', 'GJ', 'A', '', '2016-12-31 18:30:00', NULL, '2017-05-30 06:14:20'),
(365, 'Veraval', '20.92 N', '70.34 E', 'GJ', 'A', '', '2016-12-31 18:30:00', NULL, '2017-05-30 06:14:20'),
(366, 'Vijalpor', '', '', 'GJ', 'A', '', '2016-12-31 18:30:00', NULL, '2017-05-30 06:14:20'),
(367, 'Visnagar', '23.71 N', '72.54 E', 'GJ', 'A', '', '2016-12-31 18:30:00', NULL, '2017-05-30 06:14:20'),
(368, 'Wadhwan', '22.73 N', '71.72 E', 'GJ', 'A', '', '2016-12-31 18:30:00', NULL, '2017-05-30 06:14:20'),
(369, 'Ambala', '30.38 N', '76.77 E', 'HR', 'A', '', '2016-12-31 18:30:00', NULL, '2017-05-30 06:14:20'),
(370, 'Ambala Cantonment', '30.39 N', '76.86 E', 'HR', 'A', '', '2016-12-31 18:30:00', NULL, '2017-05-30 06:14:20'),
(371, 'Ambala Sadar', '30.35 N', '76.84 E', 'HR', 'A', '', '2016-12-31 18:30:00', NULL, '2017-05-30 06:14:20'),
(372, 'Bahadurgarh', '28.69 N', '76.92 E', 'HR', 'A', '', '2016-12-31 18:30:00', NULL, '2017-05-30 06:14:20'),
(373, 'Bhiwani', '28.81 N', '76.12 E', 'HR', 'A', '', '2016-12-31 18:30:00', NULL, '2017-05-30 06:14:20'),
(374, 'Charkhi Dadri', '28.60 N', '76.27 E', 'HR', 'A', '', '2016-12-31 18:30:00', NULL, '2017-05-30 06:14:20'),
(375, 'Dabwali', '29.95 N', '74.73 E', 'HR', 'A', '', '2016-12-31 18:30:00', NULL, '2017-05-30 06:14:20'),
(376, 'Faridabad', '28.38 N', '77.30 E', 'HR', 'A', '', '2016-12-31 18:30:00', NULL, '2017-05-30 06:14:20'),
(377, 'Gohana', '29.13 N', '76.70 E', 'HR', 'A', '', '2016-12-31 18:30:00', NULL, '2017-05-30 06:14:20'),
(378, 'Hisar', '29.17 N', '75.72 E', 'HR', 'A', '', '2016-12-31 18:30:00', NULL, '2017-05-30 06:14:20'),
(379, 'Jagadhri', '30.18 N', '77.29 E', 'HR', 'A', '', '2016-12-31 18:30:00', NULL, '2017-05-30 06:14:20'),
(380, 'Jind', '29.31 N', '76.30 E', 'HR', 'A', '', '2016-12-31 18:30:00', NULL, '2017-05-30 06:14:20'),
(381, 'Kaithal', '29.81 N', '76.40 E', 'HR', 'A', '', '2016-12-31 18:30:00', NULL, '2017-05-30 06:14:20'),
(382, 'Karnal', '29.69 N', '76.97 E', 'HR', 'A', '', '2016-12-31 18:30:00', NULL, '2017-05-30 06:14:20'),
(383, 'Narnaul', '28.04 N', '76.10 E', 'HR', 'A', '', '2016-12-31 18:30:00', NULL, '2017-05-30 06:14:20'),
(384, 'Narwana', '29.62 N', '76.12 E', 'HR', 'A', '', '2016-12-31 18:30:00', NULL, '2017-05-30 06:14:20'),
(385, 'Palwal', '28.15 N', '77.32 E', 'HR', 'A', '', '2016-12-31 18:30:00', NULL, '2017-05-30 06:14:20'),
(386, 'Panchkula', '30.70 N', '76.88 E', 'HR', 'A', '', '2016-12-31 18:30:00', NULL, '2017-05-30 06:14:20'),
(387, 'Panipat', '29.39 N', '76.96 E', 'HR', 'A', '', '2016-12-31 18:30:00', NULL, '2017-05-30 06:14:20'),
(388, 'Rewari', '28.19 N', '76.60 E', 'HR', 'A', '', '2016-12-31 18:30:00', NULL, '2017-05-30 06:14:20'),
(389, 'Rohtak', '28.90 N', '76.58 E', 'HR', 'A', '', '2016-12-31 18:30:00', NULL, '2017-05-30 06:14:20'),
(390, 'Sirsa', '29.53 N', '75.03 E', 'HR', 'A', '', '2016-12-31 18:30:00', NULL, '2017-05-30 06:14:20'),
(391, 'Sonipat', '28.99 N', '77.01 E', 'HR', 'A', '', '2016-12-31 18:30:00', NULL, '2017-05-30 06:14:20'),
(392, 'Thanesar', '29.98 N', '76.82 E', 'HR', 'A', '', '2016-12-31 18:30:00', NULL, '2017-05-30 06:14:20'),
(393, 'Tohana', '29.70 N', '75.90 E', 'HR', 'A', '', '2016-12-31 18:30:00', NULL, '2017-05-30 06:14:20'),
(394, 'Yamunanagar', '30.14 N', '77.28 E', 'HR', 'A', '', '2016-12-31 18:30:00', NULL, '2017-05-30 06:14:20'),
(395, 'Shimla', '31.11 N', '77.16 E', 'HP', 'A', '', '2016-12-31 18:30:00', NULL, '2017-05-30 06:14:20'),
(396, 'Anantnag', '33.73 N', '75.15 E', 'JK', 'A', '', '2016-12-31 18:30:00', NULL, '2017-05-30 06:14:20'),
(397, 'Baramula', '34.20 N', '74.35 E', 'JK', 'A', '', '2016-12-31 18:30:00', NULL, '2017-05-30 06:14:20'),
(398, 'Bari Brahmana', '', '', 'JK', 'A', '', '2016-12-31 18:30:00', NULL, '2017-05-30 06:14:20'),
(399, 'Jammu', '32.71 N', '74.85 E', 'JK', 'A', '', '2016-12-31 18:30:00', NULL, '2017-05-30 06:14:20'),
(400, 'Kathua', '32.37 N', '75.52 E', 'JK', 'A', '', '2016-12-31 18:30:00', NULL, '2017-05-30 06:14:20'),
(401, 'Sopur', '34.30 N', '74.47 E', 'JK', 'A', '', '2016-12-31 18:30:00', NULL, '2017-05-30 06:14:20'),
(402, 'Srinagar', '34.09 N', '74.79 E', 'JK', 'A', '', '2016-12-31 18:30:00', NULL, '2017-05-30 06:14:20'),
(403, 'Udhampur', '32.93 N', '75.13 E', 'JK', 'A', '', '2016-12-31 18:30:00', NULL, '2017-05-30 06:14:20'),
(404, 'Adityapur', '22.80 N', '86.04 E', 'JH', 'A', '', '2016-12-31 18:30:00', NULL, '2017-05-30 06:14:20'),
(405, 'Bagbahra', '22.82 N', '86.20 E', 'JH', 'A', '', '2016-12-31 18:30:00', NULL, '2017-05-30 06:14:20'),
(406, 'Bhuli', '23.79 N', '86.38 E', 'JH', 'A', '', '2016-12-31 18:30:00', NULL, '2017-05-30 06:14:20'),
(407, 'Bokaro', '23.78 N', '85.96 E', 'JH', 'A', '', '2016-12-31 18:30:00', NULL, '2017-05-30 06:14:20'),
(408, 'Chaibasa', '22.56 N', '85.80 E', 'JH', 'A', '', '2016-12-31 18:30:00', NULL, '2017-05-30 06:14:20'),
(409, 'Chas', '23.65 N', '86.17 E', 'JH', 'A', '', '2016-12-31 18:30:00', NULL, '2017-05-30 06:14:20'),
(410, 'Daltenganj', '24.05 N', '84.06 E', 'JH', 'A', '', '2016-12-31 18:30:00', NULL, '2017-05-30 06:14:20'),
(411, 'Devghar', '24.49 N', '86.69 E', 'JH', 'A', '', '2016-12-31 18:30:00', NULL, '2017-05-30 06:14:20'),
(412, 'Dhanbad', '23.80 N', '86.42 E', 'JH', 'A', '', '2016-12-31 18:30:00', NULL, '2017-05-30 06:14:20'),
(413, 'Hazaribag', '24.01 N', '85.36 E', 'JH', 'A', '', '2016-12-31 18:30:00', NULL, '2017-05-30 06:14:20'),
(414, 'Jamshedpur', '22.79 N', '86.20 E', 'JH', 'A', '', '2016-12-31 18:30:00', NULL, '2017-05-30 06:14:20'),
(415, 'Jharia', '23.76 N', '86.42 E', 'JH', 'A', '', '2016-12-31 18:30:00', NULL, '2017-05-30 06:14:20'),
(416, 'Jhumri Tilaiya', '24.43 N', '85.52 E', 'JH', 'A', '', '2016-12-31 18:30:00', NULL, '2017-05-30 06:14:20'),
(417, 'Jorapokhar', '23.79 N', '86.36 E', 'JH', 'A', '', '2016-12-31 18:30:00', NULL, '2017-05-30 06:14:20'),
(418, 'Katras', '23.80 N', '86.28 E', 'JH', 'A', '', '2016-12-31 18:30:00', NULL, '2017-05-30 06:14:20'),
(419, 'Lohardaga', '23.43 N', '84.68 E', 'JH', 'A', '', '2016-12-31 18:30:00', NULL, '2017-05-30 06:14:20'),
(420, 'Mango', '22.85 N', '86.21 E', 'JH', 'A', '', '2016-12-31 18:30:00', NULL, '2017-05-30 06:14:20'),
(421, 'Phusro', '23.68 N', '85.86 E', 'JH', 'A', '', '2016-12-31 18:30:00', NULL, '2017-05-30 06:14:20'),
(422, 'Ramgarh', '23.63 N', '85.51 E', 'JH', 'A', '', '2016-12-31 18:30:00', NULL, '2017-05-30 06:14:20'),
(423, 'Ranchi', '23.36 N', '85.33 E', 'JH', 'A', '', '2016-12-31 18:30:00', NULL, '2017-05-30 06:14:20'),
(424, 'Sahibganj', '25.25 N', '87.62 E', 'JH', 'A', '', '2016-12-31 18:30:00', NULL, '2017-05-30 06:14:20'),
(425, 'Saunda', '23.64 N', '85.37 E', 'JH', 'A', '', '2016-12-31 18:30:00', NULL, '2017-05-30 06:14:20'),
(426, 'Sindari', '23.68 N', '86.49 E', 'JH', 'A', '', '2016-12-31 18:30:00', NULL, '2017-05-30 06:14:20'),
(427, 'Bagalkot', '16.19 N', '75.69 E', 'KA', 'A', '', '2016-12-31 18:30:00', NULL, '2017-05-30 06:14:20'),
(428, 'Bangalore', '12.97 N', '77.56 E', 'KA', 'A', '', '2016-12-31 18:30:00', NULL, '2017-05-30 06:14:20'),
(429, 'Basavakalyan', '17.87 N', '76.95 E', 'KA', 'A', '', '2016-12-31 18:30:00', NULL, '2017-05-30 06:14:20'),
(430, 'Belgaum', '15.86 N', '74.50 E', 'KA', 'A', '', '2016-12-31 18:30:00', NULL, '2017-05-30 06:14:20'),
(431, 'Bellary', '15.14 N', '76.91 E', 'KA', 'A', '', '2016-12-31 18:30:00', NULL, '2017-05-30 06:14:20'),
(432, 'Bhadravati', '13.84 N', '75.69 E', 'KA', 'A', '', '2016-12-31 18:30:00', NULL, '2017-05-30 06:14:20'),
(433, 'Bidar', '17.92 N', '77.52 E', 'KA', 'A', '', '2016-12-31 18:30:00', NULL, '2017-05-30 06:14:20'),
(434, 'Bijapur', '16.83 N', '75.71 E', 'KA', 'A', '', '2016-12-31 18:30:00', NULL, '2017-05-30 06:14:20'),
(435, 'Bommanahalli', '13.01 N', '77.63 E', 'KA', 'A', '', '2016-12-31 18:30:00', NULL, '2017-05-30 06:14:20'),
(436, 'Byatarayanapura', '', '', 'KA', 'A', '', '2016-12-31 18:30:00', NULL, '2017-05-30 06:14:20'),
(437, 'Challakere', '14.32 N', '76.65 E', 'KA', 'A', '', '2016-12-31 18:30:00', NULL, '2017-05-30 06:14:20'),
(438, 'Chamrajnagar', '11.92 N', '76.95 E', 'KA', 'A', '', '2016-12-31 18:30:00', NULL, '2017-05-30 06:14:20'),
(439, 'Channapatna', '12.66 N', '77.19 E', 'KA', 'A', '', '2016-12-31 18:30:00', NULL, '2017-05-30 06:14:20'),
(440, 'Chik Ballapur', '13.47 N', '77.73 E', 'KA', 'A', '', '2016-12-31 18:30:00', NULL, '2017-05-30 06:14:20'),
(441, 'Chikmagalur', '13.32 N', '75.76 E', 'KA', 'A', '', '2016-12-31 18:30:00', NULL, '2017-05-30 06:14:20'),
(442, 'Chintamani', '13.40 N', '78.05 E', 'KA', 'A', '', '2016-12-31 18:30:00', NULL, '2017-05-30 06:14:20'),
(443, 'Chitradurga', '14.23 N', '76.39 E', 'KA', 'A', '', '2016-12-31 18:30:00', NULL, '2017-05-30 06:14:20'),
(444, 'Dasarahalli', '13.01 N', '77.49 E', 'KA', 'A', '', '2016-12-31 18:30:00', NULL, '2017-05-30 06:14:20'),
(445, 'Davanagere', '14.46 N', '75.92 E', 'KA', 'A', '', '2016-12-31 18:30:00', NULL, '2017-05-30 06:14:20'),
(446, 'Dod Ballapur', '13.30 N', '77.52 E', 'KA', 'A', '', '2016-12-31 18:30:00', NULL, '2017-05-30 06:14:20'),
(447, 'Gadag', '15.44 N', '75.63 E', 'KA', 'A', '', '2016-12-31 18:30:00', NULL, '2017-05-30 06:14:20'),
(448, 'Gangawati', '15.44 N', '76.52 E', 'KA', 'A', '', '2016-12-31 18:30:00', NULL, '2017-05-30 06:14:20'),
(449, 'Gokak', '16.18 N', '74.81 E', 'KA', 'A', '', '2016-12-31 18:30:00', NULL, '2017-05-30 06:14:20'),
(450, 'Gulbarga', '17.34 N', '76.82 E', 'KA', 'A', '', '2016-12-31 18:30:00', NULL, '2017-05-30 06:14:20'),
(451, 'Harihar', '14.52 N', '75.80 E', 'KA', 'A', '', '2016-12-31 18:30:00', NULL, '2017-05-30 06:14:20'),
(452, 'Hassan', '13.01 N', '76.08 E', 'KA', 'A', '', '2016-12-31 18:30:00', NULL, '2017-05-30 06:14:20'),
(453, 'Haveri', '14.80 N', '75.40 E', 'KA', 'A', '', '2016-12-31 18:30:00', NULL, '2017-05-30 06:14:20'),
(454, 'Hiriyur', '13.97 N', '76.60 E', 'KA', 'A', '', '2016-12-31 18:30:00', NULL, '2017-05-30 06:14:20'),
(455, 'Hosakote', '', '', 'KA', 'A', '', '2016-12-31 18:30:00', NULL, '2017-05-30 06:14:20'),
(456, 'Hospet', '15.28 N', '76.37 E', 'KA', 'A', '', '2016-12-31 18:30:00', NULL, '2017-05-30 06:14:20'),
(457, 'Hubli', '15.36 N', '75.13 E', 'KA', 'A', '', '2016-12-31 18:30:00', NULL, '2017-05-30 06:14:20'),
(458, 'Ilkal', '15.97 N', '76.13 E', 'KA', 'A', '', '2016-12-31 18:30:00', NULL, '2017-05-30 06:14:20'),
(459, 'Jamkhandi', '16.51 N', '75.28 E', 'KA', 'A', '', '2016-12-31 18:30:00', NULL, '2017-05-30 06:14:20'),
(460, 'Kanakapura', '12.54 N', '77.42 E', 'KA', 'A', '', '2016-12-31 18:30:00', NULL, '2017-05-30 06:14:20'),
(461, 'Karwar', '14.82 N', '74.12 E', 'KA', 'A', '', '2016-12-31 18:30:00', NULL, '2017-05-30 06:14:20'),
(462, 'Kolar', '13.14 N', '78.13 E', 'KA', 'A', '', '2016-12-31 18:30:00', NULL, '2017-05-30 06:14:20'),
(463, 'Kollegal', '12.15 N', '77.12 E', 'KA', 'A', '', '2016-12-31 18:30:00', NULL, '2017-05-30 06:14:20'),
(464, 'Koppal', '15.35 N', '76.15 E', 'KA', 'A', '', '2016-12-31 18:30:00', NULL, '2017-05-30 06:14:20'),
(465, 'Krishnarajapura', '12.97 N', '77.74 E', 'KA', 'A', '', '2016-12-31 18:30:00', NULL, '2017-05-30 06:14:20'),
(466, 'Mahadevapura', '', '', 'KA', 'A', '', '2016-12-31 18:30:00', NULL, '2017-05-30 06:14:20'),
(467, 'Maisuru', '12.31 N', '76.65 E', 'KA', 'A', '', '2016-12-31 18:30:00', NULL, '2017-05-30 06:14:20'),
(468, 'Mandya', '12.54 N', '76.89 E', 'KA', 'A', '', '2016-12-31 18:30:00', NULL, '2017-05-30 06:14:20'),
(469, 'Mangaluru', '12.88 N', '74.84 E', 'KA', 'A', '', '2016-12-31 18:30:00', NULL, '2017-05-30 06:14:20'),
(470, 'Nipani', '16.41 N', '74.38 E', 'KA', 'A', '', '2016-12-31 18:30:00', NULL, '2017-05-30 06:14:20'),
(471, 'Pattanagere', '', '', 'KA', 'A', '', '2016-12-31 18:30:00', NULL, '2017-05-30 06:14:20'),
(472, 'Puttur', '12.77 N', '75.22 E', 'KA', 'A', '', '2016-12-31 18:30:00', NULL, '2017-05-30 06:14:20'),
(473, 'Rabkavi', '16.47 N', '75.11 E', 'KA', 'A', '', '2016-12-31 18:30:00', NULL, '2017-05-30 06:14:20'),
(474, 'Raichur', '16.21 N', '77.35 E', 'KA', 'A', '', '2016-12-31 18:30:00', NULL, '2017-05-30 06:14:20'),
(475, 'Ramanagaram', '12.72 N', '77.27 E', 'KA', 'A', '', '2016-12-31 18:30:00', NULL, '2017-05-30 06:14:20');
INSERT INTO `cdac_cities` (`city_id`, `city_name`, `latitude`, `longitude`, `state_code`, `status`, `created_by`, `created_dt`, `modified_by`, `modified_dt`) VALUES
(476, 'Ranibennur', '14.62 N', '75.61 E', 'KA', 'A', '', '2016-12-31 18:30:00', NULL, '2017-05-30 06:14:20'),
(477, 'Robertsonpet', '12.97 N', '78.28 E', 'KA', 'A', '', '2016-12-31 18:30:00', NULL, '2017-05-30 06:14:20'),
(478, 'Sagar', '14.17 N', '75.03 E', 'KA', 'A', '', '2016-12-31 18:30:00', NULL, '2017-05-30 06:14:20'),
(479, 'Shahabad', '17.13 N', '76.93 E', 'KA', 'A', '', '2016-12-31 18:30:00', NULL, '2017-05-30 06:14:20'),
(480, 'Shahpur', '16.70 N', '76.83 E', 'KA', 'A', '', '2016-12-31 18:30:00', NULL, '2017-05-30 06:14:20'),
(481, 'Shimoga', '13.93 N', '75.57 E', 'KA', 'A', '', '2016-12-31 18:30:00', NULL, '2017-05-30 06:14:20'),
(482, 'Shorapur', '16.52 N', '76.75 E', 'KA', 'A', '', '2016-12-31 18:30:00', NULL, '2017-05-30 06:14:20'),
(483, 'Sidlaghatta', '13.38 N', '77.87 E', 'KA', 'A', '', '2016-12-31 18:30:00', NULL, '2017-05-30 06:14:20'),
(484, 'Sira', '13.75 N', '76.90 E', 'KA', 'A', '', '2016-12-31 18:30:00', NULL, '2017-05-30 06:14:20'),
(485, 'Sirsi', '14.62 N', '74.85 E', 'KA', 'A', '', '2016-12-31 18:30:00', NULL, '2017-05-30 06:14:20'),
(486, 'Tiptur', '13.27 N', '76.48 E', 'KA', 'A', '', '2016-12-31 18:30:00', NULL, '2017-05-30 06:14:20'),
(487, 'Tumkur', '13.34 N', '77.10 E', 'KA', 'A', '', '2016-12-31 18:30:00', NULL, '2017-05-30 06:14:20'),
(488, 'Udupi', '13.35 N', '74.75 E', 'KA', 'A', '', '2016-12-31 18:30:00', NULL, '2017-05-30 06:14:20'),
(489, 'Ullal', '12.80 N', '74.85 E', 'KA', 'A', '', '2016-12-31 18:30:00', NULL, '2017-05-30 06:14:20'),
(490, 'Yadgir', '16.77 N', '77.13 E', 'KA', 'A', '', '2016-12-31 18:30:00', NULL, '2017-05-30 06:14:20'),
(491, 'Yelahanka', '13.10 N', '77.60 E', 'KA', 'A', '', '2016-12-31 18:30:00', NULL, '2017-05-30 06:14:20'),
(492, 'Alappuzha', '9.50 N', '76.33 E', 'KL', 'A', '', '2016-12-31 18:30:00', NULL, '2017-05-30 06:14:20'),
(493, 'Beypur', '11.18 N', '75.82 E', 'KL', 'A', '', '2016-12-31 18:30:00', NULL, '2017-05-30 06:14:20'),
(494, 'Cheruvannur', '11.21 N', '75.84 E', 'KL', 'A', '', '2016-12-31 18:30:00', NULL, '2017-05-30 06:14:20'),
(495, 'Edakkara', '', '', 'KL', 'A', '', '2016-12-31 18:30:00', NULL, '2017-05-30 06:14:20'),
(496, 'Edathala', '10.03 N', '76.32 E', 'KL', 'A', '', '2016-12-31 18:30:00', NULL, '2017-05-30 06:14:20'),
(497, 'Kalamassery', '10.05 N', '76.27 E', 'KL', 'A', '', '2016-12-31 18:30:00', NULL, '2017-05-30 06:14:20'),
(498, 'Kannan Devan Hills', '', '', 'KL', 'A', '', '2016-12-31 18:30:00', NULL, '2017-05-30 06:14:20'),
(499, 'Kannangad', '12.34 N', '75.09 E', 'KL', 'A', '', '2016-12-31 18:30:00', NULL, '2017-05-30 06:14:20'),
(500, 'Kannur', '11.86 N', '75.35 E', 'KL', 'A', '', '2016-12-31 18:30:00', NULL, '2017-05-30 06:14:20'),
(501, 'Kayankulam', '9.17 N', '76.49 E', 'KL', 'A', '', '2016-12-31 18:30:00', NULL, '2017-05-30 06:14:20'),
(502, 'Kochi', '10.02 N', '76.22 E', 'KL', 'A', '', '2016-12-31 18:30:00', NULL, '2017-05-30 06:14:20'),
(503, 'Kollam', '8.89 N', '76.58 E', 'KL', 'A', '', '2016-12-31 18:30:00', NULL, '2017-05-30 06:14:20'),
(504, 'Kottayam', '9.60 N', '76.52 E', 'KL', 'A', '', '2016-12-31 18:30:00', NULL, '2017-05-30 06:14:20'),
(505, 'Koyilandi', '11.43 N', '75.70 E', 'KL', 'A', '', '2016-12-31 18:30:00', NULL, '2017-05-30 06:14:20'),
(506, 'Kozhikkod', '11.26 N', '75.78 E', 'KL', 'A', '', '2016-12-31 18:30:00', NULL, '2017-05-30 06:14:20'),
(507, 'Kunnamkulam', '10.65 N', '76.08 E', 'KL', 'A', '', '2016-12-31 18:30:00', NULL, '2017-05-30 06:14:20'),
(508, 'Malappuram', '11.07 N', '76.06 E', 'KL', 'A', '', '2016-12-31 18:30:00', NULL, '2017-05-30 06:14:20'),
(509, 'Manjeri', '11.12 N', '76.11 E', 'KL', 'A', '', '2016-12-31 18:30:00', NULL, '2017-05-30 06:14:20'),
(510, 'Nedumangad', '8.61 N', '77.00 E', 'KL', 'A', '', '2016-12-31 18:30:00', NULL, '2017-05-30 06:14:20'),
(511, 'Neyyattinkara', '8.40 N', '77.08 E', 'KL', 'A', '', '2016-12-31 18:30:00', NULL, '2017-05-30 06:14:20'),
(512, 'Palakkad', '10.78 N', '76.65 E', 'KL', 'A', '', '2016-12-31 18:30:00', NULL, '2017-05-30 06:14:20'),
(513, 'Pallichal', '', '', 'KL', 'A', '', '2016-12-31 18:30:00', NULL, '2017-05-30 06:14:20'),
(514, 'Payyannur', '12.10 N', '75.19 E', 'KL', 'A', '', '2016-12-31 18:30:00', NULL, '2017-05-30 06:14:20'),
(515, 'Ponnani', '10.78 N', '75.92 E', 'KL', 'A', '', '2016-12-31 18:30:00', NULL, '2017-05-30 06:14:20'),
(516, 'Talipparamba', '12.03 N', '75.36 E', 'KL', 'A', '', '2016-12-31 18:30:00', NULL, '2017-05-30 06:14:20'),
(517, 'Thalassery', '11.75 N', '75.49 E', 'KL', 'A', '', '2016-12-31 18:30:00', NULL, '2017-05-30 06:14:20'),
(518, 'Thiruvananthapuram', '8.51 N', '76.95 E', 'KL', 'A', '', '2016-12-31 18:30:00', NULL, '2017-05-30 06:14:20'),
(519, 'Thrippunithura', '9.94 N', '76.35 E', 'KL', 'A', '', '2016-12-31 18:30:00', NULL, '2017-05-30 06:14:20'),
(520, 'Thrissur', '10.52 N', '76.21 E', 'KL', 'A', '', '2016-12-31 18:30:00', NULL, '2017-05-30 06:14:20'),
(521, 'Tirur', '10.91 N', '75.92 E', 'KL', 'A', '', '2016-12-31 18:30:00', NULL, '2017-05-30 06:14:20'),
(522, 'Tiruvalla', '9.39 N', '76.57 E', 'KL', 'A', '', '2016-12-31 18:30:00', NULL, '2017-05-30 06:14:20'),
(523, 'Vadakara', '11.61 N', '75.58 E', 'KL', 'A', '', '2016-12-31 18:30:00', NULL, '2017-05-30 06:14:20'),
(524, 'Ashoknagar', '24.57 N', '77.72 E', 'MP', 'A', '', '2016-12-31 18:30:00', NULL, '2017-05-30 06:14:20'),
(525, 'Balaghat', '21.80 N', '80.18 E', 'MP', 'A', '', '2016-12-31 18:30:00', NULL, '2017-05-30 06:14:20'),
(526, 'Basoda', '23.85 N', '77.93 E', 'MP', 'A', '', '2016-12-31 18:30:00', NULL, '2017-05-30 06:14:20'),
(527, 'Betul', '21.92 N', '77.90 E', 'MP', 'A', '', '2016-12-31 18:30:00', NULL, '2017-05-30 06:14:20'),
(528, 'Bhind', '26.57 N', '78.77 E', 'MP', 'A', '', '2016-12-31 18:30:00', NULL, '2017-05-30 06:14:20'),
(529, 'Bhopal', '23.24 N', '77.40 E', 'MP', 'A', '', '2016-12-31 18:30:00', NULL, '2017-05-30 06:14:20'),
(530, 'BinaEtawa', '24.20 N', '78.20 E', 'MP', 'A', '', '2016-12-31 18:30:00', NULL, '2017-05-30 06:14:20'),
(531, 'Burhanpur', '21.33 N', '76.22 E', 'MP', 'A', '', '2016-12-31 18:30:00', NULL, '2017-05-30 06:14:20'),
(532, 'Chhatarpur', '24.92 N', '79.58 E', 'MP', 'A', '', '2016-12-31 18:30:00', NULL, '2017-05-30 06:14:20'),
(533, 'Chhindwara', '22.07 N', '78.94 E', 'MP', 'A', '', '2016-12-31 18:30:00', NULL, '2017-05-30 06:14:20'),
(534, 'Dabra', '25.90 N', '78.33 E', 'MP', 'A', '', '2016-12-31 18:30:00', NULL, '2017-05-30 06:14:20'),
(535, 'Damoh', '23.85 N', '79.44 E', 'MP', 'A', '', '2016-12-31 18:30:00', NULL, '2017-05-30 06:14:20'),
(536, 'Datia', '25.67 N', '78.45 E', 'MP', 'A', '', '2016-12-31 18:30:00', NULL, '2017-05-30 06:14:20'),
(537, 'Dewas', '22.97 N', '76.05 E', 'MP', 'A', '', '2016-12-31 18:30:00', NULL, '2017-05-30 06:14:20'),
(538, 'Dhar', '22.60 N', '75.29 E', 'MP', 'A', '', '2016-12-31 18:30:00', NULL, '2017-05-30 06:14:20'),
(539, 'Gohad', '26.43 N', '78.45 E', 'MP', 'A', '', '2016-12-31 18:30:00', NULL, '2017-05-30 06:14:20'),
(540, 'Guna', '24.65 N', '77.30 E', 'MP', 'A', '', '2016-12-31 18:30:00', NULL, '2017-05-30 06:14:20'),
(541, 'Gwalior', '26.23 N', '78.17 E', 'MP', 'A', '', '2016-12-31 18:30:00', NULL, '2017-05-30 06:14:20'),
(542, 'Harda', '22.33 N', '77.11 E', 'MP', 'A', '', '2016-12-31 18:30:00', NULL, '2017-05-30 06:14:20'),
(543, 'Hoshangabad', '22.75 N', '77.71 E', 'MP', 'A', '', '2016-12-31 18:30:00', NULL, '2017-05-30 06:14:20'),
(544, 'Indore', '22.72 N', '75.86 E', 'MP', 'A', '', '2016-12-31 18:30:00', NULL, '2017-05-30 06:14:20'),
(545, 'Itarsi', '22.62 N', '77.76 E', 'MP', 'A', '', '2016-12-31 18:30:00', NULL, '2017-05-30 06:14:20'),
(546, 'Jabalpur', '23.17 N', '79.94 E', 'MP', 'A', '', '2016-12-31 18:30:00', NULL, '2017-05-30 06:14:20'),
(547, 'Jabalpur Cantonment', '23.16 N', '79.95 E', 'MP', 'A', '', '2016-12-31 18:30:00', NULL, '2017-05-30 06:14:20'),
(548, 'Jaora', '23.64 N', '75.11 E', 'MP', 'A', '', '2016-12-31 18:30:00', NULL, '2017-05-30 06:14:20'),
(549, 'Khandwa', '21.83 N', '76.35 E', 'MP', 'A', '', '2016-12-31 18:30:00', NULL, '2017-05-30 06:14:20'),
(550, 'Khargone', '21.83 N', '75.60 E', 'MP', 'A', '', '2016-12-31 18:30:00', NULL, '2017-05-30 06:14:20'),
(551, 'Mandidip', '23.10 N', '77.52 E', 'MP', 'A', '', '2016-12-31 18:30:00', NULL, '2017-05-30 06:14:20'),
(552, 'Mandsaur', '24.07 N', '75.07 E', 'MP', 'A', '', '2016-12-31 18:30:00', NULL, '2017-05-30 06:14:20'),
(553, 'Mau', '22.56 N', '75.75 E', 'MP', 'A', '', '2016-12-31 18:30:00', NULL, '2017-05-30 06:14:20'),
(554, 'Morena', '26.51 N', '77.99 E', 'MP', 'A', '', '2016-12-31 18:30:00', NULL, '2017-05-30 06:14:20'),
(555, 'Murwara', '23.85 N', '80.39 E', 'MP', 'A', '', '2016-12-31 18:30:00', NULL, '2017-05-30 06:14:20'),
(556, 'Nagda', '23.46 N', '75.42 E', 'MP', 'A', '', '2016-12-31 18:30:00', NULL, '2017-05-30 06:14:20'),
(557, 'Nimach', '24.47 N', '74.87 E', 'MP', 'A', '', '2016-12-31 18:30:00', NULL, '2017-05-30 06:14:20'),
(558, 'Pithampur', '', '', 'MP', 'A', '', '2016-12-31 18:30:00', NULL, '2017-05-30 06:14:20'),
(559, 'Raghogarh', '24.45 N', '77.20 E', 'MP', 'A', '', '2016-12-31 18:30:00', NULL, '2017-05-30 06:14:20'),
(560, 'Ratlam', '23.35 N', '75.03 E', 'MP', 'A', '', '2016-12-31 18:30:00', NULL, '2017-05-30 06:14:20'),
(561, 'Rewa', '24.53 N', '81.29 E', 'MP', 'A', '', '2016-12-31 18:30:00', NULL, '2017-05-30 06:14:20'),
(562, 'Sagar', '23.85 N', '78.75 E', 'MP', 'A', '', '2016-12-31 18:30:00', NULL, '2017-05-30 06:14:20'),
(563, 'Sarni', '22.04 N', '78.27 E', 'MP', 'A', '', '2016-12-31 18:30:00', NULL, '2017-05-30 06:14:20'),
(564, 'Satna', '24.58 N', '80.83 E', 'MP', 'A', '', '2016-12-31 18:30:00', NULL, '2017-05-30 06:14:20'),
(565, 'Sehore', '23.20 N', '77.08 E', 'MP', 'A', '', '2016-12-31 18:30:00', NULL, '2017-05-30 06:14:20'),
(566, 'Sendhwa', '21.68 N', '75.10 E', 'MP', 'A', '', '2016-12-31 18:30:00', NULL, '2017-05-30 06:14:20'),
(567, 'Seoni', '22.10 N', '79.55 E', 'MP', 'A', '', '2016-12-31 18:30:00', NULL, '2017-05-30 06:14:20'),
(568, 'Shahdol', '23.30 N', '81.36 E', 'MP', 'A', '', '2016-12-31 18:30:00', NULL, '2017-05-30 06:14:20'),
(569, 'Shajapur', '23.43 N', '76.27 E', 'MP', 'A', '', '2016-12-31 18:30:00', NULL, '2017-05-30 06:14:20'),
(570, 'Sheopur', '25.67 N', '76.70 E', 'MP', 'A', '', '2016-12-31 18:30:00', NULL, '2017-05-30 06:14:20'),
(571, 'Shivapuri', '25.43 N', '77.65 E', 'MP', 'A', '', '2016-12-31 18:30:00', NULL, '2017-05-30 06:14:20'),
(572, 'Sidhi', '24.42 N', '81.88 E', 'MP', 'A', '', '2016-12-31 18:30:00', NULL, '2017-05-30 06:14:20'),
(573, 'Singrauli', '23.84 N', '82.27 E', 'MP', 'A', '', '2016-12-31 18:30:00', NULL, '2017-05-30 06:14:20'),
(574, 'Tikamgarh', '24.74 N', '78.83 E', 'MP', 'A', '', '2016-12-31 18:30:00', NULL, '2017-05-30 06:14:20'),
(575, 'Ujjain', '23.19 N', '75.78 E', 'MP', 'A', '', '2016-12-31 18:30:00', NULL, '2017-05-30 06:14:20'),
(576, 'Vidisha', '23.53 N', '77.80 E', 'MP', 'A', '', '2016-12-31 18:30:00', NULL, '2017-05-30 06:14:20'),
(577, 'Achalpur', '21.26 N', '77.50 E', 'MH', 'A', '', '2016-12-31 18:30:00', NULL, '2017-05-30 06:14:20'),
(578, 'Ahmadnagar', '19.10 N', '74.74 E', 'MH', 'A', '', '2016-12-31 18:30:00', NULL, '2017-05-30 06:14:20'),
(579, 'Akola', '20.71 N', '77.00 E', 'MH', 'A', '', '2016-12-31 18:30:00', NULL, '2017-05-30 06:14:20'),
(580, 'Akot', '21.10 N', '77.05 E', 'MH', 'A', '', '2016-12-31 18:30:00', NULL, '2017-05-30 06:14:20'),
(581, 'Amalner', '21.05 N', '75.06 E', 'MH', 'A', '', '2016-12-31 18:30:00', NULL, '2017-05-30 06:14:20'),
(582, 'Ambajogai', '18.73 N', '76.38 E', 'MH', 'A', '', '2016-12-31 18:30:00', NULL, '2017-05-30 06:14:20'),
(583, 'Amravati', '20.95 N', '77.76 E', 'MH', 'A', '', '2016-12-31 18:30:00', NULL, '2017-05-30 06:14:20'),
(584, 'Anjangaon', '21.16 N', '77.31 E', 'MH', 'A', '', '2016-12-31 18:30:00', NULL, '2017-05-30 06:14:20'),
(585, 'Aurangabad', '19.89 N', '75.32 E', 'MH', 'A', '', '2016-12-31 18:30:00', NULL, '2017-05-30 06:14:20'),
(586, 'Badlapur', '19.15 N', '73.27 E', 'MH', 'A', '', '2016-12-31 18:30:00', NULL, '2017-05-30 06:14:20'),
(587, 'Ballarpur', '19.85 N', '79.35 E', 'MH', 'A', '', '2016-12-31 18:30:00', NULL, '2017-05-30 06:14:20'),
(588, 'Baramati', '18.15 N', '74.58 E', 'MH', 'A', '', '2016-12-31 18:30:00', NULL, '2017-05-30 06:14:20'),
(589, 'Barsi', '18.24 N', '75.69 E', 'MH', 'A', '', '2016-12-31 18:30:00', NULL, '2017-05-30 06:14:20'),
(590, 'Basmat', '19.32 N', '77.17 E', 'MH', 'A', '', '2016-12-31 18:30:00', NULL, '2017-05-30 06:14:20'),
(591, 'Bhadravati', '20.11 N', '79.12 E', 'MH', 'A', '', '2016-12-31 18:30:00', NULL, '2017-05-30 06:14:20'),
(592, 'Bhandara', '21.18 N', '79.65 E', 'MH', 'A', '', '2016-12-31 18:30:00', NULL, '2017-05-30 06:14:20'),
(593, 'Bhiwandi', '19.30 N', '73.05 E', 'MH', 'A', '', '2016-12-31 18:30:00', NULL, '2017-05-30 06:14:20'),
(594, 'Bhusawal', '21.05 N', '75.78 E', 'MH', 'A', '', '2016-12-31 18:30:00', NULL, '2017-05-30 06:14:20'),
(595, 'Bid', '18.99 N', '75.76 E', 'MH', 'A', '', '2016-12-31 18:30:00', NULL, '2017-05-30 06:14:20'),
(596, 'Mumbai', '18.96 N', '72.82 E', 'MH', 'A', '', '2016-12-31 18:30:00', NULL, '2017-05-30 06:14:20'),
(597, 'Buldana', '20.54 N', '76.18 E', 'MH', 'A', '', '2016-12-31 18:30:00', NULL, '2017-05-30 06:14:20'),
(598, 'Chalisgaon', '20.46 N', '74.99 E', 'MH', 'A', '', '2016-12-31 18:30:00', NULL, '2017-05-30 06:14:20'),
(599, 'Chandrapur', '19.96 N', '79.30 E', 'MH', 'A', '', '2016-12-31 18:30:00', NULL, '2017-05-30 06:14:20'),
(600, 'Chikhli', '20.35 N', '76.25 E', 'MH', 'A', '', '2016-12-31 18:30:00', NULL, '2017-05-30 06:14:20'),
(601, 'Chiplun', '17.53 N', '73.52 E', 'MH', 'A', '', '2016-12-31 18:30:00', NULL, '2017-05-30 06:14:20'),
(602, 'Chopda', '21.25 N', '75.28 E', 'MH', 'A', '', '2016-12-31 18:30:00', NULL, '2017-05-30 06:14:20'),
(603, 'Dahanu', '19.97 N', '72.73 E', 'MH', 'A', '', '2016-12-31 18:30:00', NULL, '2017-05-30 06:14:20'),
(604, 'Deolali', '19.95 N', '73.84 E', 'MH', 'A', '', '2016-12-31 18:30:00', NULL, '2017-05-30 06:14:20'),
(605, 'Dhule', '20.90 N', '74.77 E', 'MH', 'A', '', '2016-12-31 18:30:00', NULL, '2017-05-30 06:14:20'),
(606, 'Digdoh', '', '', 'MH', 'A', '', '2016-12-31 18:30:00', NULL, '2017-05-30 06:14:20'),
(607, 'Diglur', '18.55 N', '77.60 E', 'MH', 'A', '', '2016-12-31 18:30:00', NULL, '2017-05-30 06:14:20'),
(608, 'Gadchiroli', '20.17 N', '80.00 E', 'MH', 'A', '', '2016-12-31 18:30:00', NULL, '2017-05-30 06:14:20'),
(609, 'Gondiya', '21.47 N', '80.20 E', 'MH', 'A', '', '2016-12-31 18:30:00', NULL, '2017-05-30 06:14:20'),
(610, 'Hinganghat', '20.56 N', '78.83 E', 'MH', 'A', '', '2016-12-31 18:30:00', NULL, '2017-05-30 06:14:20'),
(611, 'Hingoli', '19.72 N', '77.14 E', 'MH', 'A', '', '2016-12-31 18:30:00', NULL, '2017-05-30 06:14:20'),
(612, 'Ichalkaranji', '16.69 N', '74.46 E', 'MH', 'A', '', '2016-12-31 18:30:00', NULL, '2017-05-30 06:14:20'),
(613, 'Jalgaon', '21.01 N', '75.56 E', 'MH', 'A', '', '2016-12-31 18:30:00', NULL, '2017-05-30 06:14:20'),
(614, 'Jalna', '19.85 N', '75.88 E', 'MH', 'A', '', '2016-12-31 18:30:00', NULL, '2017-05-30 06:14:20'),
(615, 'Kalyan', '19.25 N', '73.16 E', 'MH', 'A', '', '2016-12-31 18:30:00', NULL, '2017-05-30 06:14:20'),
(616, 'Kamthi', '21.23 N', '79.20 E', 'MH', 'A', '', '2016-12-31 18:30:00', NULL, '2017-05-30 06:14:20'),
(617, 'Karanja', '20.48 N', '77.48 E', 'MH', 'A', '', '2016-12-31 18:30:00', NULL, '2017-05-30 06:14:20'),
(618, 'Khadki', '18.57 N', '73.83 E', 'MH', 'A', '', '2016-12-31 18:30:00', NULL, '2017-05-30 06:14:20'),
(619, 'Khamgaon', '20.70 N', '76.56 E', 'MH', 'A', '', '2016-12-31 18:30:00', NULL, '2017-05-30 06:14:20'),
(620, 'Khopoli', '18.78 N', '73.33 E', 'MH', 'A', '', '2016-12-31 18:30:00', NULL, '2017-05-30 06:14:20'),
(621, 'Kolhapur', '16.70 N', '74.22 E', 'MH', 'A', '', '2016-12-31 18:30:00', NULL, '2017-05-30 06:14:20'),
(622, 'Kopargaon', '19.88 N', '74.48 E', 'MH', 'A', '', '2016-12-31 18:30:00', NULL, '2017-05-30 06:14:20'),
(623, 'Latur', '18.41 N', '76.58 E', 'MH', 'A', '', '2016-12-31 18:30:00', NULL, '2017-05-30 06:14:20'),
(624, 'Lonavale', '18.75 N', '73.42 E', 'MH', 'A', '', '2016-12-31 18:30:00', NULL, '2017-05-30 06:14:20'),
(625, 'Malegaon', '20.56 N', '74.52 E', 'MH', 'A', '', '2016-12-31 18:30:00', NULL, '2017-05-30 06:14:20'),
(626, 'Malkapur', '20.90 N', '76.19 E', 'MH', 'A', '', '2016-12-31 18:30:00', NULL, '2017-05-30 06:14:20'),
(627, 'Manmad', '20.26 N', '74.43 E', 'MH', 'A', '', '2016-12-31 18:30:00', NULL, '2017-05-30 06:14:20'),
(628, 'Mira Bhayandar', '19.29 N', '72.85 E', 'MH', 'A', '', '2016-12-31 18:30:00', NULL, '2017-05-30 06:14:20'),
(629, 'Nagpur', '21.16 N', '79.08 E', 'MH', 'A', '', '2016-12-31 18:30:00', NULL, '2017-05-30 06:14:20'),
(630, 'Nalasopara', '19.43 N', '72.78 E', 'MH', 'A', '', '2016-12-31 18:30:00', NULL, '2017-05-30 06:14:20'),
(631, 'Nanded', '19.17 N', '77.29 E', 'MH', 'A', '', '2016-12-31 18:30:00', NULL, '2017-05-30 06:14:20'),
(632, 'Nandurbar', '21.38 N', '74.23 E', 'MH', 'A', '', '2016-12-31 18:30:00', NULL, '2017-05-30 06:14:20'),
(633, 'Nashik', '20.01 N', '73.78 E', 'MH', 'A', '', '2016-12-31 18:30:00', NULL, '2017-05-30 06:14:20'),
(634, 'Navghar', '19.34 N', '72.90 E', 'MH', 'A', '', '2016-12-31 18:30:00', NULL, '2017-05-30 06:14:20'),
(636, 'Navi Mumbai', '19.00 N', '73.10 E', 'MH', 'A', '', '2016-12-31 18:30:00', NULL, '2017-05-30 06:14:20'),
(637, 'Osmanabad', '18.17 N', '76.03 E', 'MH', 'A', '', '2016-12-31 18:30:00', NULL, '2017-05-30 06:14:20'),
(638, 'Palghar', '19.68 N', '72.75 E', 'MH', 'A', '', '2016-12-31 18:30:00', NULL, '2017-05-30 06:14:20'),
(639, 'Pandharpur', '17.68 N', '75.31 E', 'MH', 'A', '', '2016-12-31 18:30:00', NULL, '2017-05-30 06:14:20'),
(640, 'Parbhani', '19.27 N', '76.76 E', 'MH', 'A', '', '2016-12-31 18:30:00', NULL, '2017-05-30 06:14:20'),
(641, 'Phaltan', '17.98 N', '74.43 E', 'MH', 'A', '', '2016-12-31 18:30:00', NULL, '2017-05-30 06:14:20'),
(642, 'Pimpri', '18.62 N', '73.80 E', 'MH', 'A', '', '2016-12-31 18:30:00', NULL, '2017-05-30 06:14:20'),
(643, 'Pune', '18.53 N', '73.84 E', 'MH', 'A', '', '2016-12-31 18:30:00', NULL, '2017-05-30 06:14:20'),
(644, 'Pune Cantonment', '18.50 N', '73.88 E', 'MH', 'A', '', '2016-12-31 18:30:00', NULL, '2017-05-30 06:14:20'),
(645, 'Pusad', '19.91 N', '77.57 E', 'MH', 'A', '', '2016-12-31 18:30:00', NULL, '2017-05-30 06:14:20'),
(646, 'Ratnagiri', '17.00 N', '73.29 E', 'MH', 'A', '', '2016-12-31 18:30:00', NULL, '2017-05-30 06:14:20'),
(647, 'SangliMiraj', '16.86 N', '74.57 E', 'MH', 'A', '', '2016-12-31 18:30:00', NULL, '2017-05-30 06:14:20'),
(648, 'Satara', '17.70 N', '74.00 E', 'MH', 'A', '', '2016-12-31 18:30:00', NULL, '2017-05-30 06:14:20'),
(649, 'Shahada', '21.55 N', '74.47 E', 'MH', 'A', '', '2016-12-31 18:30:00', NULL, '2017-05-30 06:14:20'),
(650, 'Shegaon', '20.78 N', '76.68 E', 'MH', 'A', '', '2016-12-31 18:30:00', NULL, '2017-05-30 06:14:20'),
(651, 'Shirpur', '21.35 N', '74.88 E', 'MH', 'A', '', '2016-12-31 18:30:00', NULL, '2017-05-30 06:14:20'),
(652, 'Sholapur', '17.67 N', '75.89 E', 'MH', 'A', '', '2016-12-31 18:30:00', NULL, '2017-05-30 06:14:20'),
(653, 'Shrirampur', '19.63 N', '74.64 E', 'MH', 'A', '', '2016-12-31 18:30:00', NULL, '2017-05-30 06:14:20'),
(654, 'Sillod', '20.30 N', '75.65 E', 'MH', 'A', '', '2016-12-31 18:30:00', NULL, '2017-05-30 06:14:20'),
(655, 'Thana', '19.20 N', '72.97 E', 'MH', 'A', '', '2016-12-31 18:30:00', NULL, '2017-05-30 06:14:20'),
(656, 'Udgir', '18.40 N', '77.11 E', 'MH', 'A', '', '2016-12-31 18:30:00', NULL, '2017-05-30 06:14:20'),
(657, 'Ulhasnagar', '19.23 N', '73.15 E', 'MH', 'A', '', '2016-12-31 18:30:00', NULL, '2017-05-30 06:14:20'),
(658, 'Uran Islampur', '17.05 N', '74.27 E', 'MH', 'A', '', '2016-12-31 18:30:00', NULL, '2017-05-30 06:14:20'),
(659, 'Vasai', '19.36 N', '72.80 E', 'MH', 'A', '', '2016-12-31 18:30:00', NULL, '2017-05-30 06:14:20'),
(660, 'Virar', '19.47 N', '72.79 E', 'MH', 'A', '', '2016-12-31 18:30:00', NULL, '2017-05-30 06:14:20'),
(661, 'Wadi', '', '', 'MH', 'A', '', '2016-12-31 18:30:00', NULL, '2017-05-30 06:14:20'),
(662, 'Wani', '20.07 N', '78.95 E', 'MH', 'A', '', '2016-12-31 18:30:00', NULL, '2017-05-30 06:14:20'),
(663, 'Wardha', '20.75 N', '78.60 E', 'MH', 'A', '', '2016-12-31 18:30:00', NULL, '2017-05-30 06:14:20'),
(664, 'Warud', '21.47 N', '78.27 E', 'MH', 'A', '', '2016-12-31 18:30:00', NULL, '2017-05-30 06:14:20'),
(665, 'Washim', '20.10 N', '77.13 E', 'MH', 'A', '', '2016-12-31 18:30:00', NULL, '2017-05-30 06:14:20'),
(666, 'Yavatmal', '20.41 N', '78.13 E', 'MH', 'A', '', '2016-12-31 18:30:00', NULL, '2017-05-30 06:14:20'),
(667, 'Imphal', '24.79 N', '93.94 E', 'MN', 'A', '', '2016-12-31 18:30:00', NULL, '2017-05-30 06:14:20'),
(668, 'Shillong', '25.57 N', '91.87 E', 'MG', 'A', '', '2016-12-31 18:30:00', NULL, '2017-05-30 06:14:20'),
(669, 'Tura', '25.52 N', '90.22 E', 'MG', 'A', '', '2016-12-31 18:30:00', NULL, '2017-05-30 06:14:20'),
(670, 'Aizawl', '23.71 N', '92.71 E', 'MI', 'A', '', '2016-12-31 18:30:00', NULL, '2017-05-30 06:14:20'),
(671, 'Lunglei', '22.88 N', '92.73 E', 'MI', 'A', '', '2016-12-31 18:30:00', NULL, '2017-05-30 06:14:20'),
(672, 'Dimapur', '25.92 N', '93.73 E', 'NG', 'A', '', '2016-12-31 18:30:00', NULL, '2017-05-30 06:14:20'),
(673, 'Kohima', '25.67 N', '94.11 E', 'NG', 'A', '', '2016-12-31 18:30:00', NULL, '2017-05-30 06:14:20'),
(674, 'Wokha', '26.10 N', '94.27 E', 'NG', 'A', '', '2016-12-31 18:30:00', NULL, '2017-05-30 06:14:20'),
(675, 'Balangir', '20.71 N', '83.50 E', 'OR', 'A', '', '2016-12-31 18:30:00', NULL, '2017-05-30 06:14:20'),
(676, 'Baleshwar', '21.49 N', '86.95 E', 'OR', 'A', '', '2016-12-31 18:30:00', NULL, '2017-05-30 06:14:20'),
(677, 'Barbil', '22.12 N', '85.40 E', 'OR', 'A', '', '2016-12-31 18:30:00', NULL, '2017-05-30 06:14:20'),
(678, 'Bargarh', '21.34 N', '83.61 E', 'OR', 'A', '', '2016-12-31 18:30:00', NULL, '2017-05-30 06:14:20'),
(679, 'Baripada', '21.95 N', '86.73 E', 'OR', 'A', '', '2016-12-31 18:30:00', NULL, '2017-05-30 06:14:20'),
(680, 'Bhadrak', '21.06 N', '86.52 E', 'OR', 'A', '', '2016-12-31 18:30:00', NULL, '2017-05-30 06:14:20'),
(681, 'Bhawanipatna', '19.91 N', '83.17 E', 'OR', 'A', '', '2016-12-31 18:30:00', NULL, '2017-05-30 06:14:20'),
(682, 'Bhubaneswar', '20.27 N', '85.84 E', 'OR', 'A', '', '2016-12-31 18:30:00', NULL, '2017-05-30 06:14:20'),
(683, 'Brahmapur', '19.32 N', '84.80 E', 'OR', 'A', '', '2016-12-31 18:30:00', NULL, '2017-05-30 06:14:20'),
(684, 'Brajrajnagar', '21.82 N', '83.91 E', 'OR', 'A', '', '2016-12-31 18:30:00', NULL, '2017-05-30 06:14:20'),
(685, 'Dhenkanal', '20.67 N', '85.60 E', 'OR', 'A', '', '2016-12-31 18:30:00', NULL, '2017-05-30 06:14:20'),
(686, 'Jaypur', '18.86 N', '82.56 E', 'OR', 'A', '', '2016-12-31 18:30:00', NULL, '2017-05-30 06:14:20'),
(687, 'Jharsuguda', '21.87 N', '84.01 E', 'OR', 'A', '', '2016-12-31 18:30:00', NULL, '2017-05-30 06:14:20'),
(688, 'Kataka', '20.47 N', '85.88 E', 'OR', 'A', '', '2016-12-31 18:30:00', NULL, '2017-05-30 06:14:20'),
(689, 'Kendujhar', '21.63 N', '85.58 E', 'OR', 'A', '', '2016-12-31 18:30:00', NULL, '2017-05-30 06:14:20'),
(690, 'Paradwip', '20.32 N', '86.62 E', 'OR', 'A', '', '2016-12-31 18:30:00', NULL, '2017-05-30 06:14:20'),
(691, 'Puri', '19.81 N', '85.83 E', 'OR', 'A', '', '2016-12-31 18:30:00', NULL, '2017-05-30 06:14:20'),
(692, 'Raurkela', '22.24 N', '84.81 E', 'OR', 'A', '', '2016-12-31 18:30:00', NULL, '2017-05-30 06:14:20'),
(693, 'Raurkela Industrial Township', '', '', 'OR', 'A', '', '2016-12-31 18:30:00', NULL, '2017-05-30 06:14:20'),
(694, 'Rayagada', '19.18 N', '83.41 E', 'OR', 'A', '', '2016-12-31 18:30:00', NULL, '2017-05-30 06:14:20'),
(695, 'Sambalpur', '21.47 N', '83.97 E', 'OR', 'A', '', '2016-12-31 18:30:00', NULL, '2017-05-30 06:14:20'),
(696, 'Sunabeda', '18.69 N', '82.86 E', 'OR', 'A', '', '2016-12-31 18:30:00', NULL, '2017-05-30 06:14:20'),
(697, 'Karaikal', '10.93 N', '79.83 E', 'PY', 'A', '', '2016-12-31 18:30:00', NULL, '2017-05-30 06:14:20'),
(698, 'Ozhukarai', '11.94 N', '79.77 E', 'PY', 'A', '', '2016-12-31 18:30:00', NULL, '2017-05-30 06:14:20'),
(699, 'PY', '11.94 N', '79.83 E', 'PY', 'A', '', '2016-12-31 18:30:00', NULL, '2017-05-30 06:14:20'),
(700, 'Abohar', '30.14 N', '74.20 E', 'PB', 'A', '', '2016-12-31 18:30:00', NULL, '2017-05-30 06:14:20'),
(701, 'Amritsar', '31.64 N', '74.87 E', 'PB', 'A', '', '2016-12-31 18:30:00', NULL, '2017-05-30 06:14:20'),
(702, 'Barnala', '30.39 N', '75.54 E', 'PB', 'A', '', '2016-12-31 18:30:00', NULL, '2017-05-30 06:14:20'),
(703, 'Batala', '31.82 N', '75.21 E', 'PB', 'A', '', '2016-12-31 18:30:00', NULL, '2017-05-30 06:14:20'),
(704, 'Bathinda', '30.17 N', '74.97 E', 'PB', 'A', '', '2016-12-31 18:30:00', NULL, '2017-05-30 06:14:20'),
(705, 'Dhuri', '30.37 N', '75.87 E', 'PB', 'A', '', '2016-12-31 18:30:00', NULL, '2017-05-30 06:14:20'),
(706, 'Faridkot', '30.68 N', '74.74 E', 'PB', 'A', '', '2016-12-31 18:30:00', NULL, '2017-05-30 06:14:20'),
(707, 'Fazilka', '30.41 N', '74.02 E', 'PB', 'A', '', '2016-12-31 18:30:00', NULL, '2017-05-30 06:14:20'),
(708, 'Firozpur', '30.92 N', '74.61 E', 'PB', 'A', '', '2016-12-31 18:30:00', NULL, '2017-05-30 06:14:20'),
(709, 'Firozpur Cantonment', '30.95 N', '74.60 E', 'PB', 'A', '', '2016-12-31 18:30:00', NULL, '2017-05-30 06:14:20'),
(710, 'Gobindgarh', '30.66 N', '76.31 E', 'PB', 'A', '', '2016-12-31 18:30:00', NULL, '2017-05-30 06:14:20'),
(711, 'Gurdaspur', '32.04 N', '75.40 E', 'PB', 'A', '', '2016-12-31 18:30:00', NULL, '2017-05-30 06:14:20'),
(712, 'Hoshiarpur', '31.53 N', '75.91 E', 'PB', 'A', '', '2016-12-31 18:30:00', NULL, '2017-05-30 06:14:20'),
(713, 'Jagraon', '30.78 N', '75.48 E', 'PB', 'A', '', '2016-12-31 18:30:00', NULL, '2017-05-30 06:14:20'),
(714, 'Jalandhar', '31.33 N', '75.57 E', 'PB', 'A', '', '2016-12-31 18:30:00', NULL, '2017-05-30 06:14:20'),
(715, 'Kapurthala', '31.38 N', '75.38 E', 'PB', 'A', '', '2016-12-31 18:30:00', NULL, '2017-05-30 06:14:20'),
(716, 'Khanna', '30.71 N', '76.21 E', 'PB', 'A', '', '2016-12-31 18:30:00', NULL, '2017-05-30 06:14:20'),
(717, 'Kot Kapura', '30.59 N', '74.80 E', 'PB', 'A', '', '2016-12-31 18:30:00', NULL, '2017-05-30 06:14:20'),
(718, 'Ludhiana', '30.91 N', '75.84 E', 'PB', 'A', '', '2016-12-31 18:30:00', NULL, '2017-05-30 06:14:20'),
(719, 'Malaut', '30.23 N', '74.48 E', 'PB', 'A', '', '2016-12-31 18:30:00', NULL, '2017-05-30 06:14:20'),
(720, 'Maler Kotla', '30.54 N', '75.87 E', 'PB', 'A', '', '2016-12-31 18:30:00', NULL, '2017-05-30 06:14:20'),
(721, 'Mansa', '29.98 N', '75.39 E', 'PB', 'A', '', '2016-12-31 18:30:00', NULL, '2017-05-30 06:14:20'),
(722, 'Moga', '30.82 N', '75.17 E', 'PB', 'A', '', '2016-12-31 18:30:00', NULL, '2017-05-30 06:14:20'),
(723, 'Mohali', '30.78 N', '76.69 E', 'PB', 'A', '', '2016-12-31 18:30:00', NULL, '2017-05-30 06:14:20'),
(724, 'Pathankot', '32.27 N', '75.64 E', 'PB', 'A', '', '2016-12-31 18:30:00', NULL, '2017-05-30 06:14:20'),
(725, 'Patiala', '30.32 N', '76.39 E', 'PB', 'A', '', '2016-12-31 18:30:00', NULL, '2017-05-30 06:14:20'),
(726, 'Phagwara', '31.22 N', '75.76 E', 'PB', 'A', '', '2016-12-31 18:30:00', NULL, '2017-05-30 06:14:20'),
(727, 'Rajpura', '30.48 N', '76.59 E', 'PB', 'A', '', '2016-12-31 18:30:00', NULL, '2017-05-30 06:14:20'),
(728, 'Rupnagar', '30.98 N', '76.52 E', 'PB', 'A', '', '2016-12-31 18:30:00', NULL, '2017-05-30 06:14:20'),
(729, 'Samana', '30.15 N', '76.20 E', 'PB', 'A', '', '2016-12-31 18:30:00', NULL, '2017-05-30 06:14:20'),
(730, 'Sangrur', '30.25 N', '75.84 E', 'PB', 'A', '', '2016-12-31 18:30:00', NULL, '2017-05-30 06:14:20'),
(731, 'Sirhind', '30.65 N', '76.38 E', 'PB', 'A', '', '2016-12-31 18:30:00', NULL, '2017-05-30 06:14:20'),
(732, 'Sunam', '30.13 N', '75.80 E', 'PB', 'A', '', '2016-12-31 18:30:00', NULL, '2017-05-30 06:14:20'),
(733, 'Tarn Taran', '31.45 N', '74.92 E', 'PB', 'A', '', '2016-12-31 18:30:00', NULL, '2017-05-30 06:14:20'),
(734, 'Ajmer', '26.45 N', '74.64 E', 'RJ', 'A', '', '2016-12-31 18:30:00', NULL, '2017-05-30 06:14:20'),
(735, 'Alwar', '27.56 N', '76.60 E', 'RJ', 'A', '', '2016-12-31 18:30:00', NULL, '2017-05-30 06:14:20'),
(736, 'Balotra', '25.83 N', '72.23 E', 'RJ', 'A', '', '2016-12-31 18:30:00', NULL, '2017-05-30 06:14:20'),
(737, 'Banswara', '23.54 N', '74.44 E', 'RJ', 'A', '', '2016-12-31 18:30:00', NULL, '2017-05-30 06:14:20'),
(738, 'Baran', '25.10 N', '76.51 E', 'RJ', 'A', '', '2016-12-31 18:30:00', NULL, '2017-05-30 06:14:20'),
(739, 'Bari', '26.65 N', '77.60 E', 'RJ', 'A', '', '2016-12-31 18:30:00', NULL, '2017-05-30 06:14:20'),
(740, 'Barmer', '25.75 N', '71.39 E', 'RJ', 'A', '', '2016-12-31 18:30:00', NULL, '2017-05-30 06:14:20'),
(741, 'Beawar', '26.10 N', '74.30 E', 'RJ', 'A', '', '2016-12-31 18:30:00', NULL, '2017-05-30 06:14:20'),
(742, 'Bharatpur', '27.23 N', '77.49 E', 'RJ', 'A', '', '2016-12-31 18:30:00', NULL, '2017-05-30 06:14:20'),
(743, 'Bhilwara', '25.35 N', '74.63 E', 'RJ', 'A', '', '2016-12-31 18:30:00', NULL, '2017-05-30 06:14:20'),
(744, 'Bhiwadi', '', '', 'RJ', 'A', '', '2016-12-31 18:30:00', NULL, '2017-05-30 06:14:20'),
(745, 'Bikaner', '28.03 N', '73.32 E', 'RJ', 'A', '', '2016-12-31 18:30:00', NULL, '2017-05-30 06:14:20'),
(746, 'Bundi', '25.45 N', '75.63 E', 'RJ', 'A', '', '2016-12-31 18:30:00', NULL, '2017-05-30 06:14:20'),
(747, 'Chittaurgarh', '24.89 N', '74.63 E', 'RJ', 'A', '', '2016-12-31 18:30:00', NULL, '2017-05-30 06:14:20'),
(748, 'Chomun', '27.17 N', '75.72 E', 'RJ', 'A', '', '2016-12-31 18:30:00', NULL, '2017-05-30 06:14:20'),
(749, 'Churu', '28.31 N', '74.96 E', 'RJ', 'A', '', '2016-12-31 18:30:00', NULL, '2017-05-30 06:14:20'),
(750, 'Daosa', '26.88 N', '76.33 E', 'RJ', 'A', '', '2016-12-31 18:30:00', NULL, '2017-05-30 06:14:20'),
(751, 'Dhaulpur', '26.70 N', '77.87 E', 'RJ', 'A', '', '2016-12-31 18:30:00', NULL, '2017-05-30 06:14:20'),
(752, 'Didwana', '27.39 N', '74.57 E', 'RJ', 'A', '', '2016-12-31 18:30:00', NULL, '2017-05-30 06:14:20'),
(753, 'Fatehpur', '27.99 N', '74.95 E', 'RJ', 'A', '', '2016-12-31 18:30:00', NULL, '2017-05-30 06:14:20'),
(754, 'Ganganagar', '29.93 N', '73.86 E', 'RJ', 'A', '', '2016-12-31 18:30:00', NULL, '2017-05-30 06:14:20'),
(755, 'Gangapur', '26.47 N', '76.72 E', 'RJ', 'A', '', '2016-12-31 18:30:00', NULL, '2017-05-30 06:14:20'),
(756, 'Hanumangarh', '29.62 N', '74.29 E', 'RJ', 'A', '', '2016-12-31 18:30:00', NULL, '2017-05-30 06:14:20'),
(757, 'Hindaun', '26.74 N', '77.02 E', 'RJ', 'A', '', '2016-12-31 18:30:00', NULL, '2017-05-30 06:14:20'),
(758, 'Jaipur', '26.92 N', '75.80 E', 'RJ', 'A', '', '2016-12-31 18:30:00', NULL, '2017-05-30 06:14:20'),
(759, 'Jaisalmer', '26.92 N', '70.90 E', 'RJ', 'A', '', '2016-12-31 18:30:00', NULL, '2017-05-30 06:14:20'),
(760, 'Jalor', '25.35 N', '72.62 E', 'RJ', 'A', '', '2016-12-31 18:30:00', NULL, '2017-05-30 06:14:20'),
(761, 'Jhalawar', '24.60 N', '76.15 E', 'RJ', 'A', '', '2016-12-31 18:30:00', NULL, '2017-05-30 06:14:20'),
(762, 'Jhunjhunun', '28.13 N', '75.39 E', 'RJ', 'A', '', '2016-12-31 18:30:00', NULL, '2017-05-30 06:14:20'),
(763, 'Jodhpur', '26.29 N', '73.02 E', 'RJ', 'A', '', '2016-12-31 18:30:00', NULL, '2017-05-30 06:14:20'),
(764, 'Karauli', '26.50 N', '77.02 E', 'RJ', 'A', '', '2016-12-31 18:30:00', NULL, '2017-05-30 06:14:20'),
(765, 'Kishangarh', '26.58 N', '74.86 E', 'RJ', 'A', '', '2016-12-31 18:30:00', NULL, '2017-05-30 06:14:20'),
(766, 'Kota', '25.18 N', '75.83 E', 'RJ', 'A', '', '2016-12-31 18:30:00', NULL, '2017-05-30 06:14:20'),
(767, 'Kuchaman', '27.15 N', '74.85 E', 'RJ', 'A', '', '2016-12-31 18:30:00', NULL, '2017-05-30 06:14:20'),
(768, 'Ladnun', '27.64 N', '74.38 E', 'RJ', 'A', '', '2016-12-31 18:30:00', NULL, '2017-05-30 06:14:20'),
(769, 'Makrana', '27.05 N', '74.72 E', 'RJ', 'A', '', '2016-12-31 18:30:00', NULL, '2017-05-30 06:14:20'),
(770, 'Nagaur', '27.21 N', '73.73 E', 'RJ', 'A', '', '2016-12-31 18:30:00', NULL, '2017-05-30 06:14:20'),
(771, 'Nawalgarh', '27.85 N', '75.27 E', 'RJ', 'A', '', '2016-12-31 18:30:00', NULL, '2017-05-30 06:14:20'),
(772, 'Nimbahera', '24.62 N', '74.68 E', 'RJ', 'A', '', '2016-12-31 18:30:00', NULL, '2017-05-30 06:14:20'),
(773, 'Nokha', '27.60 N', '73.42 E', 'RJ', 'A', '', '2016-12-31 18:30:00', NULL, '2017-05-30 06:14:20'),
(774, 'Pali', '25.79 N', '73.32 E', 'RJ', 'A', '', '2016-12-31 18:30:00', NULL, '2017-05-30 06:14:20'),
(775, 'Rajsamand', '25.07 N', '73.88 E', 'RJ', 'A', '', '2016-12-31 18:30:00', NULL, '2017-05-30 06:14:20'),
(776, 'Ratangarh', '28.09 N', '74.60 E', 'RJ', 'A', '', '2016-12-31 18:30:00', NULL, '2017-05-30 06:14:20'),
(777, 'Sardarshahr', '28.45 N', '74.48 E', 'RJ', 'A', '', '2016-12-31 18:30:00', NULL, '2017-05-30 06:14:20'),
(778, 'Sawai Madhopur', '26.03 N', '76.34 E', 'RJ', 'A', '', '2016-12-31 18:30:00', NULL, '2017-05-30 06:14:20'),
(779, 'Sikar', '27.61 N', '75.13 E', 'RJ', 'A', '', '2016-12-31 18:30:00', NULL, '2017-05-30 06:14:20'),
(780, 'Sujangarh', '27.70 N', '74.46 E', 'RJ', 'A', '', '2016-12-31 18:30:00', NULL, '2017-05-30 06:14:20'),
(781, 'Suratgarh', '29.32 N', '73.90 E', 'RJ', 'A', '', '2016-12-31 18:30:00', NULL, '2017-05-30 06:14:20'),
(782, 'Tonk', '26.17 N', '75.78 E', 'RJ', 'A', '', '2016-12-31 18:30:00', NULL, '2017-05-30 06:14:20'),
(783, 'Udaipur', '24.58 N', '73.69 E', 'RJ', 'A', '', '2016-12-31 18:30:00', NULL, '2017-05-30 06:14:20'),
(784, 'Alandur', '13.03 N', '80.23 E', 'TN', 'A', '', '2016-12-31 18:30:00', NULL, '2017-05-30 06:14:20'),
(785, 'Ambattur', '13.11 N', '80.17 E', 'TN', 'A', '', '2016-12-31 18:30:00', NULL, '2017-05-30 06:14:20'),
(786, 'Ambur', '12.80 N', '78.72 E', 'TN', 'A', '', '2016-12-31 18:30:00', NULL, '2017-05-30 06:14:20'),
(787, 'Arakonam', '13.08 N', '79.67 E', 'TN', 'A', '', '2016-12-31 18:30:00', NULL, '2017-05-30 06:14:20'),
(788, 'Arani', '12.68 N', '79.28 E', 'TN', 'A', '', '2016-12-31 18:30:00', NULL, '2017-05-30 06:14:20'),
(789, 'Aruppukkottai', '9.51 N', '78.09 E', 'TN', 'A', '', '2016-12-31 18:30:00', NULL, '2017-05-30 06:14:20'),
(790, 'Attur', '11.60 N', '78.60 E', 'TN', 'A', '', '2016-12-31 18:30:00', NULL, '2017-05-30 06:14:20'),
(791, 'Avadi', '13.12 N', '80.11 E', 'TN', 'A', '', '2016-12-31 18:30:00', NULL, '2017-05-30 06:14:20'),
(792, 'Avaniapuram', '9.86 N', '78.12 E', 'TN', 'A', '', '2016-12-31 18:30:00', NULL, '2017-05-30 06:14:20'),
(793, 'Bodinayakkanur', '10.01 N', '77.35 E', 'TN', 'A', '', '2016-12-31 18:30:00', NULL, '2017-05-30 06:14:20'),
(794, 'Chengalpattu', '12.70 N', '79.97 E', 'TN', 'A', '', '2016-12-31 18:30:00', NULL, '2017-05-30 06:14:20'),
(795, 'Dharapuram', '10.74 N', '77.52 E', 'TN', 'A', '', '2016-12-31 18:30:00', NULL, '2017-05-30 06:14:20'),
(796, 'Dharmapuri', '12.13 N', '78.16 E', 'TN', 'A', '', '2016-12-31 18:30:00', NULL, '2017-05-30 06:14:20'),
(797, 'Dindigul', '10.36 N', '77.97 E', 'TN', 'A', '', '2016-12-31 18:30:00', NULL, '2017-05-30 06:14:20'),
(798, 'Erode', '11.35 N', '77.73 E', 'TN', 'A', '', '2016-12-31 18:30:00', NULL, '2017-05-30 06:14:20'),
(799, 'Gopichettipalaiyam', '11.46 N', '77.43 E', 'TN', 'A', '', '2016-12-31 18:30:00', NULL, '2017-05-30 06:14:20'),
(800, 'Gudalur', '11.76 N', '79.75 E', 'TN', 'A', '', '2016-12-31 18:30:00', NULL, '2017-05-30 06:14:20'),
(801, 'Gudiyattam', '12.95 N', '78.86 E', 'TN', 'A', '', '2016-12-31 18:30:00', NULL, '2017-05-30 06:14:20'),
(802, 'Hosur', '12.72 N', '77.82 E', 'TN', 'A', '', '2016-12-31 18:30:00', NULL, '2017-05-30 06:14:20'),
(803, 'Idappadi', '11.58 N', '77.85 E', 'TN', 'A', '', '2016-12-31 18:30:00', NULL, '2017-05-30 06:14:20'),
(804, 'Kadayanallur', '9.08 N', '77.35 E', 'TN', 'A', '', '2016-12-31 18:30:00', NULL, '2017-05-30 06:14:20'),
(805, 'Kambam', '9.74 N', '77.28 E', 'TN', 'A', '', '2016-12-31 18:30:00', NULL, '2017-05-30 06:14:20'),
(806, 'Kanchipuram', '12.84 N', '79.70 E', 'TN', 'A', '', '2016-12-31 18:30:00', NULL, '2017-05-30 06:14:20'),
(807, 'Karur', '10.96 N', '78.07 E', 'TN', 'A', '', '2016-12-31 18:30:00', NULL, '2017-05-30 06:14:20'),
(808, 'Kavundampalaiyam', '11.05 N', '76.92 E', 'TN', 'A', '', '2016-12-31 18:30:00', NULL, '2017-05-30 06:14:20'),
(809, 'Kovilpatti', '9.19 N', '77.86 E', 'TN', 'A', '', '2016-12-31 18:30:00', NULL, '2017-05-30 06:14:20'),
(810, 'Koyampattur', '11.01 N', '76.96 E', 'TN', 'A', '', '2016-12-31 18:30:00', NULL, '2017-05-30 06:14:20'),
(811, 'Krishnagiri', '12.54 N', '78.21 E', 'TN', 'A', '', '2016-12-31 18:30:00', NULL, '2017-05-30 06:14:20'),
(812, 'Kumarapalaiyam', '11.44 N', '77.73 E', 'TN', 'A', '', '2016-12-31 18:30:00', NULL, '2017-05-30 06:14:20'),
(813, 'Kumbakonam', '10.97 N', '79.38 E', 'TN', 'A', '', '2016-12-31 18:30:00', NULL, '2017-05-30 06:14:20'),
(814, 'Kuniyamuthur', '10.98 N', '76.95 E', 'TN', 'A', '', '2016-12-31 18:30:00', NULL, '2017-05-30 06:14:20'),
(815, 'Kurichi', '10.92 N', '76.96 E', 'TN', 'A', '', '2016-12-31 18:30:00', NULL, '2017-05-30 06:14:20'),
(816, 'Madhavaram', '13.02 N', '80.26 E', 'TN', 'A', '', '2016-12-31 18:30:00', NULL, '2017-05-30 06:14:20'),
(817, 'Madras', '13.09 N', '80.27 E', 'TN', 'A', '', '2016-12-31 18:30:00', NULL, '2017-05-30 06:14:20'),
(818, 'Madurai', '9.92 N', '78.12 E', 'TN', 'A', '', '2016-12-31 18:30:00', NULL, '2017-05-30 06:14:20'),
(819, 'Maduravoyal', '', '', 'TN', 'A', '', '2016-12-31 18:30:00', NULL, '2017-05-30 06:14:20'),
(820, 'Mannargudi', '10.67 N', '79.45 E', 'TN', 'A', '', '2016-12-31 18:30:00', NULL, '2017-05-30 06:14:20'),
(821, 'Mayiladuthurai', '11.11 N', '79.65 E', 'TN', 'A', '', '2016-12-31 18:30:00', NULL, '2017-05-30 06:14:20'),
(822, 'Mettupalayam', '11.30 N', '76.94 E', 'TN', 'A', '', '2016-12-31 18:30:00', NULL, '2017-05-30 06:14:20'),
(823, 'Mettur', '11.80 N', '77.80 E', 'TN', 'A', '', '2016-12-31 18:30:00', NULL, '2017-05-30 06:14:20'),
(824, 'Nagapattinam', '10.80 N', '79.84 E', 'TN', 'A', '', '2016-12-31 18:30:00', NULL, '2017-05-30 06:14:20'),
(825, 'Nagercoil', '8.18 N', '77.43 E', 'TN', 'A', '', '2016-12-31 18:30:00', NULL, '2017-05-30 06:14:20'),
(826, 'Namakkal', '11.23 N', '78.17 E', 'TN', 'A', '', '2016-12-31 18:30:00', NULL, '2017-05-30 06:14:20'),
(827, 'Nerkunram', '13.04 N', '80.26 E', 'TN', 'A', '', '2016-12-31 18:30:00', NULL, '2017-05-30 06:14:20'),
(828, 'Neyveli', '11.62 N', '79.48 E', 'TN', 'A', '', '2016-12-31 18:30:00', NULL, '2017-05-30 06:14:20'),
(829, 'Pallavaram', '12.99 N', '80.16 E', 'TN', 'A', '', '2016-12-31 18:30:00', NULL, '2017-05-30 06:14:20'),
(830, 'Pammal', '12.97 N', '80.11 E', 'TN', 'A', '', '2016-12-31 18:30:00', NULL, '2017-05-30 06:14:20'),
(831, 'Pannuratti', '11.78 N', '79.55 E', 'TN', 'A', '', '2016-12-31 18:30:00', NULL, '2017-05-30 06:14:20'),
(832, 'Paramakkudi', '9.54 N', '78.59 E', 'TN', 'A', '', '2016-12-31 18:30:00', NULL, '2017-05-30 06:14:20'),
(833, 'Pattukkottai', '10.43 N', '79.31 E', 'TN', 'A', '', '2016-12-31 18:30:00', NULL, '2017-05-30 06:14:20'),
(834, 'Pollachi', '10.67 N', '77.00 E', 'TN', 'A', '', '2016-12-31 18:30:00', NULL, '2017-05-30 06:14:20'),
(835, 'Pudukkottai', '10.39 N', '78.82 E', 'TN', 'A', '', '2016-12-31 18:30:00', NULL, '2017-05-30 06:14:20'),
(836, 'Puliyankudi', '9.18 N', '77.40 E', 'TN', 'A', '', '2016-12-31 18:30:00', NULL, '2017-05-30 06:14:20'),
(837, 'Punamalli', '13.05 N', '80.11 E', 'TN', 'A', '', '2016-12-31 18:30:00', NULL, '2017-05-30 06:14:20'),
(838, 'Rajapalaiyam', '9.46 N', '77.55 E', 'TN', 'A', '', '2016-12-31 18:30:00', NULL, '2017-05-30 06:14:20'),
(839, 'Ramanathapuram', '9.37 N', '78.83 E', 'TN', 'A', '', '2016-12-31 18:30:00', NULL, '2017-05-30 06:14:20'),
(840, 'Salem', '11.67 N', '78.16 E', 'TN', 'A', '', '2016-12-31 18:30:00', NULL, '2017-05-30 06:14:20'),
(841, 'Sankarankoil', '9.17 N', '77.54 E', 'TN', 'A', '', '2016-12-31 18:30:00', NULL, '2017-05-30 06:14:20'),
(842, 'Sivakasi', '9.46 N', '77.79 E', 'TN', 'A', '', '2016-12-31 18:30:00', NULL, '2017-05-30 06:14:20'),
(843, 'Srivilliputtur', '9.52 N', '77.63 E', 'TN', 'A', '', '2016-12-31 18:30:00', NULL, '2017-05-30 06:14:20'),
(844, 'Tambaram', '12.93 N', '80.12 E', 'TN', 'A', '', '2016-12-31 18:30:00', NULL, '2017-05-30 06:14:20'),
(845, 'Tenkasi', '8.96 N', '77.31 E', 'TN', 'A', '', '2016-12-31 18:30:00', NULL, '2017-05-30 06:14:20'),
(846, 'Thanjavur', '10.79 N', '79.13 E', 'TN', 'A', '', '2016-12-31 18:30:00', NULL, '2017-05-30 06:14:20'),
(847, 'Theni Allinagaram', '10.02 N', '77.48 E', 'TN', 'A', '', '2016-12-31 18:30:00', NULL, '2017-05-30 06:14:20'),
(848, 'Thiruthangal', '9.48 N', '77.83 E', 'TN', 'A', '', '2016-12-31 18:30:00', NULL, '2017-05-30 06:14:20'),
(849, 'Thiruvarur', '10.78 N', '79.64 E', 'TN', 'A', '', '2016-12-31 18:30:00', NULL, '2017-05-30 06:14:20'),
(850, 'Thuthukkudi', '8.81 N', '78.14 E', 'TN', 'A', '', '2016-12-31 18:30:00', NULL, '2017-05-30 06:14:20'),
(851, 'Tindivanam', '12.24 N', '79.65 E', 'TN', 'A', '', '2016-12-31 18:30:00', NULL, '2017-05-30 06:14:20'),
(852, 'Tiruchchirappalli', '10.81 N', '78.69 E', 'TN', 'A', '', '2016-12-31 18:30:00', NULL, '2017-05-30 06:14:20'),
(853, 'Tiruchengode', '11.38 N', '77.90 E', 'TN', 'A', '', '2016-12-31 18:30:00', NULL, '2017-05-30 06:14:20'),
(854, 'Tirunelveli', '8.73 N', '77.69 E', 'TN', 'A', '', '2016-12-31 18:30:00', NULL, '2017-05-30 06:14:20'),
(855, 'Tirupathur', '12.50 N', '78.57 E', 'TN', 'A', '', '2016-12-31 18:30:00', NULL, '2017-05-30 06:14:20'),
(856, 'Tiruppur', '11.09 N', '77.35 E', 'TN', 'A', '', '2016-12-31 18:30:00', NULL, '2017-05-30 06:14:20'),
(857, 'Tiruvannamalai', '12.24 N', '79.07 E', 'TN', 'A', '', '2016-12-31 18:30:00', NULL, '2017-05-30 06:14:20'),
(858, 'Tiruvottiyur', '13.16 N', '80.29 E', 'TN', 'A', '', '2016-12-31 18:30:00', NULL, '2017-05-30 06:14:20'),
(859, 'Udagamandalam', '11.42 N', '76.69 E', 'TN', 'A', '', '2016-12-31 18:30:00', NULL, '2017-05-30 06:14:20'),
(860, 'Udumalaipettai', '10.58 N', '77.24 E', 'TN', 'A', '', '2016-12-31 18:30:00', NULL, '2017-05-30 06:14:20'),
(861, 'Valparai', '10.38 N', '76.99 E', 'TN', 'A', '', '2016-12-31 18:30:00', NULL, '2017-05-30 06:14:20'),
(862, 'Vaniyambadi', '12.69 N', '78.60 E', 'TN', 'A', '', '2016-12-31 18:30:00', NULL, '2017-05-30 06:14:20'),
(863, 'Velampalaiyam', '', '', 'TN', 'A', '', '2016-12-31 18:30:00', NULL, '2017-05-30 06:14:20'),
(864, 'Velluru', '12.92 N', '79.13 E', 'TN', 'A', '', '2016-12-31 18:30:00', NULL, '2017-05-30 06:14:20'),
(865, 'Viluppuram', '11.95 N', '79.49 E', 'TN', 'A', '', '2016-12-31 18:30:00', NULL, '2017-05-30 06:14:20'),
(866, 'Virappanchatram', '11.40 N', '77.70 E', 'TN', 'A', '', '2016-12-31 18:30:00', NULL, '2017-05-30 06:14:20'),
(867, 'Virudhachalam', '11.51 N', '79.32 E', 'TN', 'A', '', '2016-12-31 18:30:00', NULL, '2017-05-30 06:14:20'),
(868, 'Virudunagar', '9.59 N', '77.95 E', 'TN', 'A', '', '2016-12-31 18:30:00', NULL, '2017-05-30 06:14:20'),
(869, 'Agartala', '23.84 N', '91.27 E', 'Tripura', 'A', '', '2016-12-31 18:30:00', NULL, '2017-05-30 06:14:20'),
(870, 'Agartala MCl', '', '', 'Tripura', 'A', '', '2016-12-31 18:30:00', NULL, '2017-05-30 06:14:20'),
(871, 'Badharghat', '', '', 'Tripura', 'A', '', '2016-12-31 18:30:00', NULL, '2017-05-30 06:14:20'),
(872, 'Agra', '27.19 N', '78.01 E', 'UP', 'A', '', '2016-12-31 18:30:00', NULL, '2017-05-30 06:14:20'),
(873, 'Aligarh', '27.89 N', '78.06 E', 'UP', 'A', '', '2016-12-31 18:30:00', NULL, '2017-05-30 06:14:20'),
(874, 'Allahabad', '25.45 N', '81.84 E', 'UP', 'A', '', '2016-12-31 18:30:00', NULL, '2017-05-30 06:14:20'),
(875, 'Amroha', '28.91 N', '78.46 E', 'UP', 'A', '', '2016-12-31 18:30:00', NULL, '2017-05-30 06:14:20'),
(876, 'Aonla', '28.28 N', '79.15 E', 'UP', 'A', '', '2016-12-31 18:30:00', NULL, '2017-05-30 06:14:20'),
(877, 'Auraiya', '26.47 N', '79.50 E', 'UP', 'A', '', '2016-12-31 18:30:00', NULL, '2017-05-30 06:14:20'),
(878, 'Ayodhya', '26.80 N', '82.20 E', 'UP', 'A', '', '2016-12-31 18:30:00', NULL, '2017-05-30 06:14:20'),
(879, 'Azamgarh', '26.07 N', '83.18 E', 'UP', 'A', '', '2016-12-31 18:30:00', NULL, '2017-05-30 06:14:20'),
(880, 'Baheri', '28.78 N', '79.50 E', 'UP', 'A', '', '2016-12-31 18:30:00', NULL, '2017-05-30 06:14:20'),
(881, 'Bahraich', '27.58 N', '81.59 E', 'UP', 'A', '', '2016-12-31 18:30:00', NULL, '2017-05-30 06:14:20'),
(882, 'Ballia', '25.76 N', '84.15 E', 'UP', 'A', '', '2016-12-31 18:30:00', NULL, '2017-05-30 06:14:20'),
(883, 'Balrampur', '27.43 N', '82.18 E', 'UP', 'A', '', '2016-12-31 18:30:00', NULL, '2017-05-30 06:14:20'),
(884, 'Banda', '25.48 N', '80.33 E', 'UP', 'A', '', '2016-12-31 18:30:00', NULL, '2017-05-30 06:14:20'),
(885, 'Baraut', '29.10 N', '77.26 E', 'UP', 'A', '', '2016-12-31 18:30:00', NULL, '2017-05-30 06:14:20'),
(886, 'Bareli', '28.36 N', '79.41 E', 'UP', 'A', '', '2016-12-31 18:30:00', NULL, '2017-05-30 06:14:20'),
(887, 'Basti', '26.80 N', '82.74 E', 'UP', 'A', '', '2016-12-31 18:30:00', NULL, '2017-05-30 06:14:20'),
(888, 'Behta Hajipur', '', '', 'UP', 'A', '', '2016-12-31 18:30:00', NULL, '2017-05-30 06:14:20'),
(889, 'Bela', '25.92 N', '81.99 E', 'UP', 'A', '', '2016-12-31 18:30:00', NULL, '2017-05-30 06:14:20'),
(890, 'Bhadohi', '25.40 N', '82.56 E', 'UP', 'A', '', '2016-12-31 18:30:00', NULL, '2017-05-30 06:14:20'),
(891, 'Bijnor', '29.38 N', '78.13 E', 'UP', 'A', '', '2016-12-31 18:30:00', NULL, '2017-05-30 06:14:20'),
(892, 'Bisalpur', '28.30 N', '79.80 E', 'UP', 'A', '', '2016-12-31 18:30:00', NULL, '2017-05-30 06:14:20'),
(893, 'Biswan', '27.50 N', '81.00 E', 'UP', 'A', '', '2016-12-31 18:30:00', NULL, '2017-05-30 06:14:20'),
(894, 'Budaun', '28.04 N', '79.12 E', 'UP', 'A', '', '2016-12-31 18:30:00', NULL, '2017-05-30 06:14:20'),
(895, 'Bulandshahr', '28.41 N', '77.85 E', 'UP', 'A', '', '2016-12-31 18:30:00', NULL, '2017-05-30 06:14:20'),
(896, 'Chandausi', '28.46 N', '78.78 E', 'UP', 'A', '', '2016-12-31 18:30:00', NULL, '2017-05-30 06:14:20'),
(897, 'Chandpur', '29.14 N', '78.27 E', 'UP', 'A', '', '2016-12-31 18:30:00', NULL, '2017-05-30 06:14:20'),
(898, 'Chhibramau', '27.15 N', '79.52 E', 'UP', 'A', '', '2016-12-31 18:30:00', NULL, '2017-05-30 06:14:20'),
(899, 'Chitrakut Dham', '25.20 N', '80.84 E', 'UP', 'A', '', '2016-12-31 18:30:00', NULL, '2017-05-30 06:14:20'),
(900, 'Dadri', '28.57 N', '77.55 E', 'UP', 'A', '', '2016-12-31 18:30:00', NULL, '2017-05-30 06:14:20'),
(901, 'Deoband', '29.70 N', '77.67 E', 'UP', 'A', '', '2016-12-31 18:30:00', NULL, '2017-05-30 06:14:20'),
(902, 'Deoria', '26.51 N', '83.78 E', 'UP', 'A', '', '2016-12-31 18:30:00', NULL, '2017-05-30 06:14:20'),
(903, 'Etah', '27.57 N', '78.64 E', 'UP', 'A', '', '2016-12-31 18:30:00', NULL, '2017-05-30 06:14:20'),
(904, 'Etawah', '26.78 N', '79.01 E', 'UP', 'A', '', '2016-12-31 18:30:00', NULL, '2017-05-30 06:14:20'),
(905, 'Faizabad', '26.78 N', '82.14 E', 'UP', 'A', '', '2016-12-31 18:30:00', NULL, '2017-05-30 06:14:20'),
(906, 'Faridpur', '28.22 N', '79.53 E', 'UP', 'A', '', '2016-12-31 18:30:00', NULL, '2017-05-30 06:14:20'),
(907, 'Farrukhabad', '27.40 N', '79.57 E', 'UP', 'A', '', '2016-12-31 18:30:00', NULL, '2017-05-30 06:14:20'),
(908, 'Fatehpur', '25.93 N', '80.81 E', 'UP', 'A', '', '2016-12-31 18:30:00', NULL, '2017-05-30 06:14:20'),
(909, 'Firozabad', '27.15 N', '78.39 E', 'UP', 'A', '', '2016-12-31 18:30:00', NULL, '2017-05-30 06:14:20'),
(910, 'Gajraula', '28.85 N', '78.23 E', 'UP', 'A', '', '2016-12-31 18:30:00', NULL, '2017-05-30 06:14:20'),
(911, 'Ganga Ghat', '26.52 N', '80.45 E', 'UP', 'A', '', '2016-12-31 18:30:00', NULL, '2017-05-30 06:14:20'),
(912, 'Gangoh', '29.77 N', '77.25 E', 'UP', 'A', '', '2016-12-31 18:30:00', NULL, '2017-05-30 06:14:20'),
(913, 'Ghaziabad', '28.66 N', '77.41 E', 'UP', 'A', '', '2016-12-31 18:30:00', NULL, '2017-05-30 06:14:20'),
(914, 'Ghazipur', '25.59 N', '83.59 E', 'UP', 'A', '', '2016-12-31 18:30:00', NULL, '2017-05-30 06:14:20'),
(915, 'Gola Gokarannath', '28.08 N', '80.47 E', 'UP', 'A', '', '2016-12-31 18:30:00', NULL, '2017-05-30 06:14:20'),
(916, 'Gonda', '27.14 N', '81.95 E', 'UP', 'A', '', '2016-12-31 18:30:00', NULL, '2017-05-30 06:14:20'),
(917, 'Gorakhpur', '26.76 N', '83.36 E', 'UP', 'A', '', '2016-12-31 18:30:00', NULL, '2017-05-30 06:14:20'),
(918, 'Hapur', '28.73 N', '77.77 E', 'UP', 'A', '', '2016-12-31 18:30:00', NULL, '2017-05-30 06:14:20'),
(919, 'Hardoi', '27.42 N', '80.12 E', 'UP', 'A', '', '2016-12-31 18:30:00', NULL, '2017-05-30 06:14:20'),
(920, 'Hasanpur', '28.72 N', '78.28 E', 'UP', 'A', '', '2016-12-31 18:30:00', NULL, '2017-05-30 06:14:20'),
(921, 'Hathras', '27.60 N', '78.04 E', 'UP', 'A', '', '2016-12-31 18:30:00', NULL, '2017-05-30 06:14:20'),
(922, 'Jahangirabad', '28.42 N', '78.10 E', 'UP', 'A', '', '2016-12-31 18:30:00', NULL, '2017-05-30 06:14:20'),
(923, 'Jalaun', '26.15 N', '79.35 E', 'UP', 'A', '', '2016-12-31 18:30:00', NULL, '2017-05-30 06:14:20'),
(924, 'Jaunpur', '25.76 N', '82.69 E', 'UP', 'A', '', '2016-12-31 18:30:00', NULL, '2017-05-30 06:14:20'),
(925, 'Jhansi', '25.45 N', '78.56 E', 'UP', 'A', '', '2016-12-31 18:30:00', NULL, '2017-05-30 06:14:20'),
(926, 'Kadi', '23.31 N', '72.33 E', 'UP', 'A', '', '2016-12-31 18:30:00', NULL, '2017-05-30 06:14:20'),
(927, 'Kairana', '29.40 N', '77.20 E', 'UP', 'A', '', '2016-12-31 18:30:00', NULL, '2017-05-30 06:14:20'),
(928, 'Kannauj', '27.06 N', '79.91 E', 'UP', 'A', '', '2016-12-31 18:30:00', NULL, '2017-05-30 06:14:20'),
(929, 'Kanpur', '26.47 N', '80.33 E', 'UP', 'A', '', '2016-12-31 18:30:00', NULL, '2017-05-30 06:14:20'),
(930, 'Kanpur Cantonment', '26.50 N', '80.28 E', 'UP', 'A', '', '2016-12-31 18:30:00', NULL, '2017-05-30 06:14:20'),
(931, 'Kasganj', '27.81 N', '78.63 E', 'UP', 'A', '', '2016-12-31 18:30:00', NULL, '2017-05-30 06:14:20'),
(932, 'Khatauli', '29.28 N', '77.72 E', 'UP', 'A', '', '2016-12-31 18:30:00', NULL, '2017-05-30 06:14:20'),
(933, 'Khora', '', '', 'UP', 'A', '', '2016-12-31 18:30:00', NULL, '2017-05-30 06:14:20'),
(934, 'Khurja', '28.26 N', '77.85 E', 'UP', 'A', '', '2016-12-31 18:30:00', NULL, '2017-05-30 06:14:20'),
(935, 'Kiratpur', '29.52 N', '78.20 E', 'UP', 'A', '', '2016-12-31 18:30:00', NULL, '2017-05-30 06:14:20'),
(936, 'Kosi Kalan', '27.80 N', '77.44 E', 'UP', 'A', '', '2016-12-31 18:30:00', NULL, '2017-05-30 06:14:20'),
(937, 'Laharpur', '27.72 N', '80.90 E', 'UP', 'A', '', '2016-12-31 18:30:00', NULL, '2017-05-30 06:14:20'),
(938, 'Lakhimpur', '27.95 N', '80.78 E', 'UP', 'A', '', '2016-12-31 18:30:00', NULL, '2017-05-30 06:14:20'),
(939, 'Lakhnau', '26.85 N', '80.92 E', 'UP', 'A', '', '2016-12-31 18:30:00', NULL, '2017-05-30 06:14:20'),
(940, 'Lakhnau Cantonment', '26.81 N', '80.97 E', 'UP', 'A', '', '2016-12-31 18:30:00', NULL, '2017-05-30 06:14:20'),
(941, 'Lalitpur', '24.70 N', '78.41 E', 'UP', 'A', '', '2016-12-31 18:30:00', NULL, '2017-05-30 06:14:20'),
(942, 'Loni', '28.75 N', '77.28 E', 'UP', 'A', '', '2016-12-31 18:30:00', NULL, '2017-05-30 06:14:20'),
(943, 'Mahoba', '25.30 N', '79.87 E', 'UP', 'A', '', '2016-12-31 18:30:00', NULL, '2017-05-30 06:14:20'),
(944, 'Mainpuri', '27.24 N', '79.02 E', 'UP', 'A', '', '2016-12-31 18:30:00', NULL, '2017-05-30 06:14:20'),
(945, 'Mathura', '27.50 N', '77.68 E', 'UP', 'A', '', '2016-12-31 18:30:00', NULL, '2017-05-30 06:14:20'),
(946, 'Mau', '25.96 N', '83.56 E', 'UP', 'A', '', '2016-12-31 18:30:00', NULL, '2017-05-30 06:14:20'),
(947, 'Mauranipur', '25.24 N', '79.13 E', 'UP', 'A', '', '2016-12-31 18:30:00', NULL, '2017-05-30 06:14:20');
INSERT INTO `cdac_cities` (`city_id`, `city_name`, `latitude`, `longitude`, `state_code`, `status`, `created_by`, `created_dt`, `modified_by`, `modified_dt`) VALUES
(948, 'Mawana', '29.11 N', '77.91 E', 'UP', 'A', '', '2016-12-31 18:30:00', NULL, '2017-05-30 06:14:20'),
(949, 'Mirat', '28.99 N', '77.70 E', 'UP', 'A', '', '2016-12-31 18:30:00', NULL, '2017-05-30 06:14:20'),
(950, 'Mirat Cantonment', '29.02 N', '77.67 E', 'UP', 'A', '', '2016-12-31 18:30:00', NULL, '2017-05-30 06:14:20'),
(951, 'Mirzapur', '25.16 N', '82.56 E', 'UP', 'A', '', '2016-12-31 18:30:00', NULL, '2017-05-30 06:14:20'),
(952, 'Modinagar', '28.92 N', '77.62 E', 'UP', 'A', '', '2016-12-31 18:30:00', NULL, '2017-05-30 06:14:20'),
(953, 'Moradabad', '28.84 N', '78.76 E', 'UP', 'A', '', '2016-12-31 18:30:00', NULL, '2017-05-30 06:14:20'),
(954, 'Mubarakpur', '26.09 N', '83.28 E', 'UP', 'A', '', '2016-12-31 18:30:00', NULL, '2017-05-30 06:14:20'),
(955, 'Mughal Sarai', '25.30 N', '83.12 E', 'UP', 'A', '', '2016-12-31 18:30:00', NULL, '2017-05-30 06:14:20'),
(956, 'Muradnagar', '28.78 N', '77.50 E', 'UP', 'A', '', '2016-12-31 18:30:00', NULL, '2017-05-30 06:14:20'),
(957, 'Muzaffarnagar', '29.48 N', '77.69 E', 'UP', 'A', '', '2016-12-31 18:30:00', NULL, '2017-05-30 06:14:20'),
(958, 'Nagina', '29.45 N', '78.43 E', 'UP', 'A', '', '2016-12-31 18:30:00', NULL, '2017-05-30 06:14:20'),
(959, 'Najibabad', '29.62 N', '78.33 E', 'UP', 'A', '', '2016-12-31 18:30:00', NULL, '2017-05-30 06:14:20'),
(960, 'Nawabganj', '26.94 N', '81.19 E', 'UP', 'A', '', '2016-12-31 18:30:00', NULL, '2017-05-30 06:14:20'),
(961, 'Noida', '28.58 N', '77.33 E', 'UP', 'A', '', '2016-12-31 18:30:00', NULL, '2017-05-30 06:14:20'),
(962, 'Obra', '24.42 N', '82.98 E', 'UP', 'A', '', '2016-12-31 18:30:00', NULL, '2017-05-30 06:14:20'),
(963, 'Orai', '25.99 N', '79.45 E', 'UP', 'A', '', '2016-12-31 18:30:00', NULL, '2017-05-30 06:14:20'),
(964, 'Pilibhit', '28.64 N', '79.81 E', 'UP', 'A', '', '2016-12-31 18:30:00', NULL, '2017-05-30 06:14:20'),
(965, 'Pilkhuwa', '28.72 N', '77.65 E', 'UP', 'A', '', '2016-12-31 18:30:00', NULL, '2017-05-30 06:14:20'),
(966, 'Rae Bareli', '26.23 N', '81.23 E', 'UP', 'A', '', '2016-12-31 18:30:00', NULL, '2017-05-30 06:14:47'),
(967, 'Ramgarh Nagla Kothi', '', '', 'UP', 'A', '', '2016-12-31 18:30:00', NULL, '2017-05-30 06:14:47'),
(968, 'Rampur', '28.82 N', '79.02 E', 'UP', 'A', '', '2016-12-31 18:30:00', NULL, '2017-05-30 06:14:47'),
(969, 'Rath', '25.58 N', '79.57 E', 'UP', 'A', '', '2016-12-31 18:30:00', NULL, '2017-05-30 06:14:47'),
(970, 'Renukut', '24.20 N', '83.03 E', 'UP', 'A', '', '2016-12-31 18:30:00', NULL, '2017-05-30 06:14:47'),
(971, 'Saharanpur', '29.97 N', '77.54 E', 'UP', 'A', '', '2016-12-31 18:30:00', NULL, '2017-05-30 06:14:47'),
(972, 'Sahaswan', '28.08 N', '78.74 E', 'UP', 'A', '', '2016-12-31 18:30:00', NULL, '2017-05-30 06:14:47'),
(973, 'Sambhal', '28.59 N', '78.56 E', 'UP', 'A', '', '2016-12-31 18:30:00', NULL, '2017-05-30 06:14:47'),
(974, 'Sandila', '27.08 N', '80.52 E', 'UP', 'A', '', '2016-12-31 18:30:00', NULL, '2017-05-30 06:14:47'),
(975, 'Shahabad', '27.65 N', '79.95 E', 'UP', 'A', '', '2016-12-31 18:30:00', NULL, '2017-05-30 06:14:47'),
(976, 'Shahjahanpur', '27.88 N', '79.90 E', 'UP', 'A', '', '2016-12-31 18:30:00', NULL, '2017-05-30 06:14:47'),
(977, 'Shamli', '29.46 N', '77.31 E', 'UP', 'A', '', '2016-12-31 18:30:00', NULL, '2017-05-30 06:14:47'),
(978, 'Sherkot', '29.35 N', '78.58 E', 'UP', 'A', '', '2016-12-31 18:30:00', NULL, '2017-05-30 06:14:47'),
(979, 'Shikohabad', '27.12 N', '78.58 E', 'UP', 'A', '', '2016-12-31 18:30:00', NULL, '2017-05-30 06:14:47'),
(980, 'Sikandarabad', '28.44 N', '77.69 E', 'UP', 'A', '', '2016-12-31 18:30:00', NULL, '2017-05-30 06:14:47'),
(981, 'Sitapur', '27.57 N', '80.69 E', 'UP', 'A', '', '2016-12-31 18:30:00', NULL, '2017-05-30 06:14:47'),
(982, 'Sukhmalpur Nizamabad', '', '', 'UP', 'A', '', '2016-12-31 18:30:00', NULL, '2017-05-30 06:14:47'),
(983, 'Sultanpur', '26.26 N', '82.06 E', 'UP', 'A', '', '2016-12-31 18:30:00', NULL, '2017-05-30 06:14:47'),
(984, 'Tanda', '26.55 N', '82.65 E', 'UP', 'A', '', '2016-12-31 18:30:00', NULL, '2017-05-30 06:14:47'),
(985, 'Tilhar', '27.98 N', '79.73 E', 'UP', 'A', '', '2016-12-31 18:30:00', NULL, '2017-05-30 06:14:47'),
(986, 'Tundla', '27.20 N', '78.28 E', 'UP', 'A', '', '2016-12-31 18:30:00', NULL, '2017-05-30 06:14:47'),
(987, 'Ujhani', '28.02 N', '79.02 E', 'UP', 'A', '', '2016-12-31 18:30:00', NULL, '2017-05-30 06:14:47'),
(988, 'Unnao', '26.55 N', '80.49 E', 'UP', 'A', '', '2016-12-31 18:30:00', NULL, '2017-05-30 06:14:47'),
(989, 'Varanasi', '25.32 N', '83.01 E', 'UP', 'A', '', '2016-12-31 18:30:00', NULL, '2017-05-30 06:14:47'),
(990, 'Vrindavan', '27.58 N', '77.70 E', 'UP', 'A', '', '2016-12-31 18:30:00', NULL, '2017-05-30 06:14:47'),
(991, 'Dehra Dun', '30.34 N', '78.05 E', 'UA', 'A', '', '2016-12-31 18:30:00', NULL, '2017-05-30 06:14:47'),
(992, 'Dehra Dun Cantonment', '30.34 N', '77.97 E', 'UA', 'A', '', '2016-12-31 18:30:00', NULL, '2017-05-30 06:14:47'),
(993, 'Gola Range', '', '', 'UA', 'A', '', '2016-12-31 18:30:00', NULL, '2017-05-30 06:14:47'),
(994, 'Haldwani', '29.23 N', '79.52 E', 'UA', 'A', '', '2016-12-31 18:30:00', NULL, '2017-05-30 06:14:47'),
(995, 'Haridwar', '29.98 N', '78.16 E', 'UA', 'A', '', '2016-12-31 18:30:00', NULL, '2017-05-30 06:14:47'),
(996, 'Kashipur', '29.22 N', '78.96 E', 'UA', 'A', '', '2016-12-31 18:30:00', NULL, '2017-05-30 06:14:47'),
(997, 'Pithoragarh', '29.58 N', '80.22 E', 'UA', 'A', '', '2016-12-31 18:30:00', NULL, '2017-05-30 06:14:47'),
(998, 'Rishikesh', '30.12 N', '78.29 E', 'UA', 'A', '', '2016-12-31 18:30:00', NULL, '2017-05-30 06:14:47'),
(999, 'Rudrapur', '', '', 'UA', 'A', '', '2016-12-31 18:30:00', NULL, '2017-05-30 06:14:47'),
(1000, 'Rurki', '29.87 N', '77.89 E', 'UA', 'A', '', '2016-12-31 18:30:00', NULL, '2017-05-30 06:14:47');

-- --------------------------------------------------------

--
-- Table structure for table `cdac_courses`
--

CREATE TABLE IF NOT EXISTS `cdac_courses` (
  `course_code` varchar(20) COLLATE utf8_unicode_ci NOT NULL DEFAULT '',
  `course_name` varchar(50) COLLATE utf8_unicode_ci NOT NULL,
  `course_description` varchar(255) COLLATE utf8_unicode_ci DEFAULT NULL,
  `course_status` varchar(20) COLLATE utf8_unicode_ci NOT NULL,
  `course_category` varchar(50) COLLATE utf8_unicode_ci DEFAULT NULL,
  `created_by` varchar(50) COLLATE utf8_unicode_ci NOT NULL,
  `created_dt` date NOT NULL,
  `modified_by` varchar(50) COLLATE utf8_unicode_ci NOT NULL,
  `modified_dt` date NOT NULL
) ENGINE=InnoDB DEFAULT CHARSET=utf8 COLLATE=utf8_unicode_ci;

--
-- Dumping data for table `cdac_courses`
--

INSERT INTO `cdac_courses` (`course_code`, `course_name`, `course_description`, `course_status`, `course_category`, `created_by`, `created_dt`, `modified_by`, `modified_dt`) VALUES
('ADMCA', 'ADMCA', 'ADMCA', 'A', NULL, '', '0000-00-00', '', '0000-00-00'),
('ADMCP', 'ADMCP', 'ADMCP', 'A', NULL, '', '0000-00-00', '', '0000-00-00'),
('ADMCT', 'ADMCT', 'ADMCT', 'A', NULL, '', '0000-00-00', '', '0000-00-00'),
('ADMM', 'ADMM', 'ADMM', 'A', NULL, '', '0000-00-00', '', '0000-00-00'),
('C', 'C', 'C', 'A', NULL, '', '0000-00-00', '', '0000-00-00'),
('C++', 'C++', 'C++', 'A', NULL, '', '0000-00-00', '', '0000-00-00'),
('CAIL', 'CAIL', 'CAIL', 'A', NULL, '', '0000-00-00', '', '0000-00-00'),
('CAJAVA', 'CAJAVA', 'CAJAVA', 'A', NULL, '', '0000-00-00', '', '0000-00-00'),
('CAP', 'CAP', 'CAP', 'A', NULL, '', '0000-00-00', '', '0000-00-00'),
('CAPHP', 'CAPHP', 'CAPHP', 'A', NULL, '', '0000-00-00', '', '0000-00-00'),
('CAUTOCAD3DMAX', 'CAUTOCAD3DMAX', 'CAUTOCAD3DMAX', 'A', NULL, '', '0000-00-00', '', '0000-00-00'),
('CBJAVA', 'CBJAVA', 'CBJAVA', 'A', NULL, '', '0000-00-00', '', '0000-00-00'),
('CBOSS&OT', 'CBOSS&OT', 'CBOSS&OT', 'A', NULL, '', '0000-00-00', '', '0000-00-00'),
('CCB&MT', 'CCB&MT', 'CCB&MT', 'A', NULL, '', '0000-00-00', '', '0000-00-00'),
('CDOTTECH', 'CDOTTECH', 'CDOTTECH', 'A', NULL, '', '0000-00-00', '', '0000-00-00'),
('CFLASH', 'CFLASH', 'CFLASH', 'A', NULL, '', '0000-00-00', '', '0000-00-00'),
('CINDESIGN', 'CINDESIGN', 'CINDESIGN', 'A', NULL, '', '0000-00-00', '', '0000-00-00'),
('CMM', 'CMM', 'CMM', 'A', NULL, '', '0000-00-00', '', '0000-00-00'),
('CMOA ', 'CMOA ', 'CMOA ', 'A', NULL, '', '0000-00-00', '', '0000-00-00'),
('DGMDP', 'DGMDP', 'DGMDP', 'A', NULL, '', '0000-00-00', '', '0000-00-00'),
('DHN', 'DHN', 'DHN', 'A', NULL, '', '0000-00-00', '', '0000-00-00'),
('DJAVA', 'DJAVA', 'DJAVA', 'A', NULL, '', '0000-00-00', '', '0000-00-00'),
('DMCA', 'DMCA', 'DMCA', 'A', NULL, '', '0000-00-00', '', '0000-00-00'),
('DMCO', 'DMCO', 'DMCO', 'A', NULL, '', '0000-00-00', '', '0000-00-00'),
('DMCP', 'DMCP', 'DMCP', 'A', NULL, '', '0000-00-00', '', '0000-00-00'),
('DMM', 'DMM', 'DMM', 'A', NULL, '', '0000-00-00', '', '0000-00-00'),
('DMOA', 'DMOA', 'DMOA', 'A', NULL, '', '0000-00-00', '', '0000-00-00'),
('DMOA&FA', 'DMOA&FA', 'DMOA&FA', 'A', NULL, '', '0000-00-00', '', '0000-00-00'),
('DMWT&P', 'DMWT&P', 'DMWT&P', 'A', NULL, '', '0000-00-00', '', '0000-00-00'),
('MSO', 'MSO', 'MSO', 'A', NULL, '', '0000-00-00', '', '0000-00-00'),
('PGDMCA', 'PGDMCA', 'PGDMCA', 'A', NULL, '', '0000-00-00', '', '0000-00-00'),
('TALLY ERP9', 'TALLY ERP9', 'TALLY ERP9', 'A', NULL, '', '0000-00-00', '', '0000-00-00');

-- --------------------------------------------------------

--
-- Table structure for table `cdac_courses_category`
--

CREATE TABLE IF NOT EXISTS `cdac_courses_category` (
  `course_category` varchar(50) COLLATE utf8_unicode_ci NOT NULL,
  `course_category_description` varchar(255) COLLATE utf8_unicode_ci DEFAULT NULL,
  `course_category_status` varchar(20) COLLATE utf8_unicode_ci NOT NULL,
  `created_by` varchar(50) COLLATE utf8_unicode_ci NOT NULL,
  `created_dt` date NOT NULL,
  `modified_by` varchar(50) COLLATE utf8_unicode_ci NOT NULL,
  `modified_dt` date NOT NULL
) ENGINE=InnoDB DEFAULT CHARSET=utf8 COLLATE=utf8_unicode_ci;

--
-- Dumping data for table `cdac_courses_category`
--

INSERT INTO `cdac_courses_category` (`course_category`, `course_category_description`, `course_category_status`, `created_by`, `created_dt`, `modified_by`, `modified_dt`) VALUES
('PG', 'PG Course 1 year', 'A', '', '0000-00-00', '', '0000-00-00'),
('PG', '1 year course', 'A', '', '0000-00-00', '', '0000-00-00'),
('PG', '1 year course', 'A', '', '0000-00-00', '', '0000-00-00');

-- --------------------------------------------------------

--
-- Table structure for table `cdac_states`
--

CREATE TABLE IF NOT EXISTS `cdac_states` (
  `state_code` varchar(10) CHARACTER SET utf8 COLLATE utf8_unicode_ci NOT NULL,
  `state_name` varchar(100) CHARACTER SET utf8 COLLATE utf8_unicode_ci NOT NULL,
  `country_id` bigint(20) NOT NULL,
  `status` varchar(2) CHARACTER SET utf8 COLLATE utf8_unicode_ci NOT NULL DEFAULT 'A'
) ENGINE=InnoDB DEFAULT CHARSET=utf8;

--
-- Dumping data for table `cdac_states`
--

INSERT INTO `cdac_states` (`state_code`, `state_name`, `country_id`, `status`) VALUES
('AN', 'ANDAMAN & NICOBAR', 1, 'A'),
('AP', 'ANDHRA PRADESH', 1, 'A'),
('AR', 'ARUNACHAL PRADESH', 1, 'A'),
('AS', 'ASSAM', 1, 'A'),
('BH', 'BIHAR', 1, 'A'),
('CH', 'CHANDIGARH', 1, 'A'),
('CS', 'CHATTISGARH', 1, 'A'),
('DA', 'DAMAN & DIU', 1, 'A'),
('DL', 'DELHI', 1, 'A'),
('DN', 'DADRA & NAGAR', 1, 'A'),
('GA', 'GOA', 1, 'A'),
('GJ', 'GUJRAT', 1, 'A'),
('HP', 'HIMACHAL PRADESH', 1, 'A'),
('HR', 'HARYANA', 1, 'A'),
('JH', 'JHARKHAND', 1, 'A'),
('JK', 'JAMMU & KASHMIR', 1, 'A'),
('KA', 'KARNATAKA', 1, 'A'),
('KL', 'KERALA', 1, 'A'),
('LK', 'LAKSHDWEEP', 1, 'A'),
('MG', 'MEGHALAYA', 1, 'A'),
('MH', 'MAHARASHTRA', 1, 'A'),
('MI', 'MIZORAM', 1, 'A'),
('MN', 'MANIPUR', 1, 'A'),
('MP', 'MADHYA PRADESH', 1, 'A'),
('NG', 'NAGALAND', 1, 'A'),
('OR', 'ORISSA', 1, 'A'),
('PB', 'PUNJAB', 1, 'A'),
('PY', 'PONDICHERY', 1, 'A'),
('RJ', 'RAJASTHAN', 1, 'A'),
('SK', 'SIKKIM', 1, 'A'),
('TN', 'TAMIL NADU', 1, 'A'),
('TR', 'TRIPURA', 1, 'A'),
('TS', 'TELANGANA', 1, 'A'),
('UA', 'UTTARANCHAL', 1, 'A'),
('UP', 'UTTAR PRADESH', 1, 'A'),
('WB', 'WEST BENGAL', 1, 'A');

-- --------------------------------------------------------

--
-- Table structure for table `cdac_status`
--

CREATE TABLE IF NOT EXISTS `cdac_status` (
  `status_code` varchar(10) COLLATE utf8_unicode_ci NOT NULL DEFAULT '',
  `status_title` varchar(50) COLLATE utf8_unicode_ci DEFAULT NULL,
  `status_description` varchar(500) COLLATE utf8_unicode_ci NOT NULL,
  `status_category` varchar(3) COLLATE utf8_unicode_ci DEFAULT NULL COMMENT 'Category Groups for Status if they nee to be selectively displayed.',
  `status` varchar(2) COLLATE utf8_unicode_ci NOT NULL DEFAULT 'A',
  `created_by` varchar(50) COLLATE utf8_unicode_ci NOT NULL,
  `created_dt` timestamp NOT NULL DEFAULT '2016-12-31 13:00:00',
  `modified_by` varchar(50) COLLATE utf8_unicode_ci DEFAULT NULL,
  `modified_dt` timestamp NOT NULL DEFAULT CURRENT_TIMESTAMP ON UPDATE CURRENT_TIMESTAMP
) ENGINE=InnoDB DEFAULT CHARSET=utf8 COLLATE=utf8_unicode_ci;

--
-- Dumping data for table `cdac_status`
--

INSERT INTO `cdac_status` (`status_code`, `status_title`, `status_description`, `status_category`, `status`, `created_by`, `created_dt`, `modified_by`, `modified_dt`) VALUES
('A', 'Active', 'Active Records', '', 'A', '', '2016-12-31 13:00:00', NULL, '2017-05-30 10:26:06');

-- --------------------------------------------------------

--
-- Table structure for table `cover_photos`
--

CREATE TABLE IF NOT EXISTS `cover_photos` (
  `id` int(11) NOT NULL,
  `pos` int(11) NOT NULL DEFAULT '0',
  `image_url` varchar(300) COLLATE utf8_unicode_ci NOT NULL,
  `status` enum('active','hidden') COLLATE utf8_unicode_ci NOT NULL DEFAULT 'active'
) ENGINE=InnoDB AUTO_INCREMENT=4 DEFAULT CHARSET=utf8 COLLATE=utf8_unicode_ci;

--
-- Dumping data for table `cover_photos`
--

INSERT INTO `cover_photos` (`id`, `pos`, `image_url`, `status`) VALUES
(1, 2, '45296-2.jpg', 'active'),
(2, 1, '2934f-1.jpg', 'active'),
(3, 3, '3717d-3.jpg', 'active');

-- --------------------------------------------------------

--
-- Table structure for table `groups`
--

CREATE TABLE IF NOT EXISTS `groups` (
  `id` mediumint(8) unsigned NOT NULL,
  `name` varchar(20) NOT NULL,
  `description` varchar(100) NOT NULL
) ENGINE=InnoDB AUTO_INCREMENT=5 DEFAULT CHARSET=utf8;

--
-- Dumping data for table `groups`
--

INSERT INTO `groups` (`id`, `name`, `description`) VALUES
(1, 'members', 'General CDAC Members'),
(2, 'arcuser', 'User of an ARC'),
(3, 'atcfaculty', 'Faculty of an ATC'),
(4, 'atcstudent', 'Student of and ATC');

-- --------------------------------------------------------

--
-- Table structure for table `login_attempts`
--

CREATE TABLE IF NOT EXISTS `login_attempts` (
  `id` int(11) unsigned NOT NULL,
  `ip_address` varchar(15) NOT NULL,
  `login` varchar(100) NOT NULL,
  `time` int(11) unsigned DEFAULT NULL
) ENGINE=InnoDB DEFAULT CHARSET=utf8;

-- --------------------------------------------------------

--
-- Table structure for table `sequence_facutly`
--

CREATE TABLE IF NOT EXISTS `sequence_facutly` (
  `id` int(11) NOT NULL
) ENGINE=MyISAM DEFAULT CHARSET=utf8;

-- --------------------------------------------------------

--
-- Table structure for table `student_to_course`
--

CREATE TABLE IF NOT EXISTS `student_to_course` (
  `student_id` varchar(20) COLLATE utf8_unicode_ci NOT NULL,
  `course_code` varchar(20) COLLATE utf8_unicode_ci NOT NULL,
  `start_dt` date NOT NULL,
  `end_dt` date DEFAULT NULL,
  `created_by` varchar(50) COLLATE utf8_unicode_ci NOT NULL,
  `created_dt` date NOT NULL,
  `modified_by` varchar(50) COLLATE utf8_unicode_ci DEFAULT NULL,
  `modified_dt` date DEFAULT NULL
) ENGINE=InnoDB DEFAULT CHARSET=utf8 COLLATE=utf8_unicode_ci;

-- --------------------------------------------------------

--
-- Table structure for table `users`
--

CREATE TABLE IF NOT EXISTS `users` (
  `id` int(11) unsigned NOT NULL,
  `ip_address` varchar(15) NOT NULL,
  `username` varchar(100) DEFAULT NULL,
  `password` varchar(255) NOT NULL,
  `salt` varchar(255) DEFAULT NULL,
  `email` varchar(100) NOT NULL,
  `activation_code` varchar(40) DEFAULT NULL,
  `forgotten_password_code` varchar(40) DEFAULT NULL,
  `forgotten_password_time` int(11) unsigned DEFAULT NULL,
  `remember_code` varchar(40) DEFAULT NULL,
  `created_on` int(11) unsigned NOT NULL,
  `last_login` int(11) unsigned DEFAULT NULL,
  `active` tinyint(1) unsigned DEFAULT NULL,
  `first_name` varchar(50) DEFAULT NULL,
  `last_name` varchar(50) DEFAULT NULL,
  `company` varchar(100) DEFAULT NULL,
  `phone` varchar(20) DEFAULT NULL,
  `about` text
) ENGINE=InnoDB AUTO_INCREMENT=4 DEFAULT CHARSET=utf8;

--
-- Dumping data for table `users`
--

INSERT INTO `users` (`id`, `ip_address`, `username`, `password`, `salt`, `email`, `activation_code`, `forgotten_password_code`, `forgotten_password_time`, `remember_code`, `created_on`, `last_login`, `active`, `first_name`, `last_name`, `company`, `phone`, `about`) VALUES
(1, '127.0.0.1', 'member', '$2y$08$imUhMPvlnKrRoEUq6GaUru66dEGWvfEVDJXWmbWfaXz6KowdgHcQi', NULL, 'member@member.com', NULL, NULL, NULL, NULL, 1451903855, 1496168039, 1, 'Member', 'One', NULL, NULL, NULL),
(2, '::1', 'test@gmail.com', '$2y$08$pBjF0ejO6uL.NWxbQ1hSa.hXxJVoMjjvJrcI3Kplu2zTBRt1/0aSq', NULL, 'test@gmail.com', NULL, NULL, NULL, NULL, 1495919240, 1496168015, 1, 'Test', 'User', NULL, NULL, NULL),
(3, '::1', 'shwetashanks@gmail.com', '$2y$08$VxZ27g35fpZ/tdgh5hQH/.POiokCTAdt7PL5fSuVzhLI0aILlUV1O', NULL, 'shwetashanks@gmail.com', NULL, NULL, NULL, NULL, 1495973025, 1495973109, 1, 'Shweta', 'S', NULL, NULL, NULL);

-- --------------------------------------------------------

--
-- Table structure for table `users_groups`
--

CREATE TABLE IF NOT EXISTS `users_groups` (
  `id` int(11) unsigned NOT NULL,
  `user_id` int(11) unsigned NOT NULL,
  `group_id` mediumint(8) unsigned NOT NULL
) ENGINE=InnoDB AUTO_INCREMENT=4 DEFAULT CHARSET=utf8;

--
-- Dumping data for table `users_groups`
--

INSERT INTO `users_groups` (`id`, `user_id`, `group_id`) VALUES
(1, 1, 1),
(2, 2, 1),
(3, 3, 1);

-- --------------------------------------------------------

--
-- Table structure for table `user_role`
--

CREATE TABLE IF NOT EXISTS `user_role` (
  `user_role_name` varchar(40) COLLATE utf8_unicode_ci NOT NULL,
  `user_role_description` varchar(255) COLLATE utf8_unicode_ci DEFAULT NULL,
  `created_by` varchar(50) COLLATE utf8_unicode_ci NOT NULL,
  `created_dt` date NOT NULL,
  `modified_by` varchar(50) COLLATE utf8_unicode_ci DEFAULT NULL,
  `modified_dt` date DEFAULT NULL
) ENGINE=InnoDB DEFAULT CHARSET=utf8 COLLATE=utf8_unicode_ci;

--
-- Indexes for dumped tables
--

--
-- Indexes for table `admin_groups`
--
ALTER TABLE `admin_groups`
  ADD PRIMARY KEY (`id`);

--
-- Indexes for table `admin_login_attempts`
--
ALTER TABLE `admin_login_attempts`
  ADD PRIMARY KEY (`id`);

--
-- Indexes for table `admin_users`
--
ALTER TABLE `admin_users`
  ADD PRIMARY KEY (`id`);

--
-- Indexes for table `admin_users_groups`
--
ALTER TABLE `admin_users_groups`
  ADD PRIMARY KEY (`id`);

--
-- Indexes for table `api_access`
--
ALTER TABLE `api_access`
  ADD PRIMARY KEY (`id`);

--
-- Indexes for table `api_keys`
--
ALTER TABLE `api_keys`
  ADD PRIMARY KEY (`id`);

--
-- Indexes for table `api_limits`
--
ALTER TABLE `api_limits`
  ADD PRIMARY KEY (`id`);

--
-- Indexes for table `api_logs`
--
ALTER TABLE `api_logs`
  ADD PRIMARY KEY (`id`);

--
-- Indexes for table `atc_faculty`
--
ALTER TABLE `atc_faculty`
  ADD PRIMARY KEY (`faculty_id`);

--
-- Indexes for table `atc_student_enquiry`
--
ALTER TABLE `atc_student_enquiry`
  ADD PRIMARY KEY (`id`);

--
-- Indexes for table `blog_categories`
--
ALTER TABLE `blog_categories`
  ADD PRIMARY KEY (`id`);

--
-- Indexes for table `blog_posts`
--
ALTER TABLE `blog_posts`
  ADD PRIMARY KEY (`id`);

--
-- Indexes for table `blog_posts_tags`
--
ALTER TABLE `blog_posts_tags`
  ADD PRIMARY KEY (`id`);

--
-- Indexes for table `blog_tags`
--
ALTER TABLE `blog_tags`
  ADD PRIMARY KEY (`id`);

--
-- Indexes for table `cdac_arcs`
--
ALTER TABLE `cdac_arcs`
  ADD PRIMARY KEY (`arc_code`),
  ADD UNIQUE KEY `arc_contact_email` (`arc_contact_email`);

--
-- Indexes for table `cdac_books`
--
ALTER TABLE `cdac_books`
  ADD PRIMARY KEY (`book_code`),
  ADD UNIQUE KEY `book_name` (`book_name`);

--
-- Indexes for table `cdac_category`
--
ALTER TABLE `cdac_category`
  ADD PRIMARY KEY (`category_code`),
  ADD UNIQUE KEY `category_title` (`category_title`);

--
-- Indexes for table `cdac_centers`
--
ALTER TABLE `cdac_centers`
  ADD PRIMARY KEY (`center_code`),
  ADD UNIQUE KEY `center_contact_number` (`center_contact_number`);

--
-- Indexes for table `cdac_cities`
--
ALTER TABLE `cdac_cities`
  ADD PRIMARY KEY (`city_id`);

--
-- Indexes for table `cdac_courses`
--
ALTER TABLE `cdac_courses`
  ADD PRIMARY KEY (`course_code`),
  ADD UNIQUE KEY `course_name` (`course_name`);

--
-- Indexes for table `cdac_states`
--
ALTER TABLE `cdac_states`
  ADD PRIMARY KEY (`state_code`),
  ADD UNIQUE KEY `state_name` (`state_name`);

--
-- Indexes for table `cdac_status`
--
ALTER TABLE `cdac_status`
  ADD PRIMARY KEY (`status_code`),
  ADD UNIQUE KEY `status_title` (`status_title`);

--
-- Indexes for table `cover_photos`
--
ALTER TABLE `cover_photos`
  ADD PRIMARY KEY (`id`);

--
-- Indexes for table `groups`
--
ALTER TABLE `groups`
  ADD PRIMARY KEY (`id`);

--
-- Indexes for table `login_attempts`
--
ALTER TABLE `login_attempts`
  ADD PRIMARY KEY (`id`);

--
-- Indexes for table `sequence_facutly`
--
ALTER TABLE `sequence_facutly`
  ADD PRIMARY KEY (`id`);

--
-- Indexes for table `users`
--
ALTER TABLE `users`
  ADD PRIMARY KEY (`id`);

--
-- Indexes for table `users_groups`
--
ALTER TABLE `users_groups`
  ADD PRIMARY KEY (`id`);

--
-- AUTO_INCREMENT for dumped tables
--

--
-- AUTO_INCREMENT for table `admin_groups`
--
ALTER TABLE `admin_groups`
  MODIFY `id` mediumint(8) unsigned NOT NULL AUTO_INCREMENT,AUTO_INCREMENT=5;
--
-- AUTO_INCREMENT for table `admin_login_attempts`
--
ALTER TABLE `admin_login_attempts`
  MODIFY `id` int(11) unsigned NOT NULL AUTO_INCREMENT;
--
-- AUTO_INCREMENT for table `admin_users`
--
ALTER TABLE `admin_users`
  MODIFY `id` int(11) unsigned NOT NULL AUTO_INCREMENT,AUTO_INCREMENT=5;
--
-- AUTO_INCREMENT for table `admin_users_groups`
--
ALTER TABLE `admin_users_groups`
  MODIFY `id` int(11) unsigned NOT NULL AUTO_INCREMENT,AUTO_INCREMENT=5;
--
-- AUTO_INCREMENT for table `api_access`
--
ALTER TABLE `api_access`
  MODIFY `id` int(11) unsigned NOT NULL AUTO_INCREMENT;
--
-- AUTO_INCREMENT for table `api_keys`
--
ALTER TABLE `api_keys`
  MODIFY `id` int(11) NOT NULL AUTO_INCREMENT,AUTO_INCREMENT=2;
--
-- AUTO_INCREMENT for table `api_limits`
--
ALTER TABLE `api_limits`
  MODIFY `id` int(11) NOT NULL AUTO_INCREMENT;
--
-- AUTO_INCREMENT for table `api_logs`
--
ALTER TABLE `api_logs`
  MODIFY `id` int(11) NOT NULL AUTO_INCREMENT;
--
-- AUTO_INCREMENT for table `atc_student_enquiry`
--
ALTER TABLE `atc_student_enquiry`
  MODIFY `id` bigint(20) NOT NULL AUTO_INCREMENT,AUTO_INCREMENT=9;
--
-- AUTO_INCREMENT for table `blog_categories`
--
ALTER TABLE `blog_categories`
  MODIFY `id` int(11) NOT NULL AUTO_INCREMENT,AUTO_INCREMENT=4;
--
-- AUTO_INCREMENT for table `blog_posts`
--
ALTER TABLE `blog_posts`
  MODIFY `id` int(11) NOT NULL AUTO_INCREMENT,AUTO_INCREMENT=4;
--
-- AUTO_INCREMENT for table `blog_posts_tags`
--
ALTER TABLE `blog_posts_tags`
  MODIFY `id` int(11) NOT NULL AUTO_INCREMENT,AUTO_INCREMENT=7;
--
-- AUTO_INCREMENT for table `blog_tags`
--
ALTER TABLE `blog_tags`
  MODIFY `id` int(11) NOT NULL AUTO_INCREMENT,AUTO_INCREMENT=5;
--
-- AUTO_INCREMENT for table `cdac_cities`
--
ALTER TABLE `cdac_cities`
  MODIFY `city_id` bigint(20) NOT NULL AUTO_INCREMENT,AUTO_INCREMENT=1001;
--
-- AUTO_INCREMENT for table `cover_photos`
--
ALTER TABLE `cover_photos`
  MODIFY `id` int(11) NOT NULL AUTO_INCREMENT,AUTO_INCREMENT=4;
--
-- AUTO_INCREMENT for table `groups`
--
ALTER TABLE `groups`
  MODIFY `id` mediumint(8) unsigned NOT NULL AUTO_INCREMENT,AUTO_INCREMENT=5;
--
-- AUTO_INCREMENT for table `login_attempts`
--
ALTER TABLE `login_attempts`
  MODIFY `id` int(11) unsigned NOT NULL AUTO_INCREMENT;
--
-- AUTO_INCREMENT for table `sequence_facutly`
--
ALTER TABLE `sequence_facutly`
  MODIFY `id` int(11) NOT NULL AUTO_INCREMENT;
--
-- AUTO_INCREMENT for table `users`
--
ALTER TABLE `users`
  MODIFY `id` int(11) unsigned NOT NULL AUTO_INCREMENT,AUTO_INCREMENT=4;
--
-- AUTO_INCREMENT for table `users_groups`
--
ALTER TABLE `users_groups`
  MODIFY `id` int(11) unsigned NOT NULL AUTO_INCREMENT,AUTO_INCREMENT=4;